"id_order","id_plat","id_warehouse","id_product","order_type","order_status","datetime_order","units","total"
37470,348885439,3907355666012589467,41785,2615,"z s%&Izrsw","2085-06-17 16:11:34",19047,-0.16427515
26180,1164408704,9520956807309621138,44460,46249,"'I","2002-01-31 08:18:11",14517,3591824500000000
17512,163289105,3070497051286068806,19883,42140,"I^R*]$#>b","2030-12-13 07:34:24",-23435,2.2134206e-24
30269,2500834810,14754993868764569377,34033,52571,",}GJ}tW:0","2053-09-20 13:22:55",13470,0.10769271
51739,241636571,8377343691069445922,56338,40503,"9-o?W\c","2063-10-29 18:07:10",-28581,-0.0000021354058
1995,3657283279,16856032248211492565,23826,34414,"","1979-01-10 17:54:09",-24206,2.5311967e-19
24982,401695388,12714427970832942561,35376,26757,"K,3V1={:2","2051-09-30 09:32:57",-9267,-4482917000000
48685,3080233933,14561924648788318398,29567,1121,"ryD=`'QG","2067-02-25 21:48:47",17583,79659265000000000
41040,4125063660,3833121562365249399,29893,44963,"\o}&","2003-12-25 20:23:49",-25772,-4.131184e-18
48792,3499129905,11296594856746042187,61220,20851,"l\IDW80","2078-06-03 00:36:45",22592,6.858209e-26
30227,4087897183,16686554007917956383,43869,33549,".bdDS)@|,*","2094-06-22 00:52:44",13543,-2.3293526e-27
11211,1075898657,8829480417792283209,34097,9479,"R","2025-07-14 23:52:05",26581,156873.16
31780,3115387399,10381344787159060537,24625,8700,"acj|]3","2052-06-07 11:36:03",14924,13.510417
57716,1749092639,7561935644180373708,10562,5349,"5HcSR8om","2045-11-14 00:47:07",1550,-7978182000000000
22040,423597815,17261555823474336103,54438,41250,"cx","2078-06-21 21:43:22",-25164,-54642110000
24273,2835560985,4011976115042909168,30601,59718,"Y[nj3_P\O^","2064-12-08 06:03:41",-25945,1758594.6
37237,4108277974,10105145952243354238,31487,2116,"","2043-05-27 02:46:38",28981,-2.422084e-10
25879,832916730,18109397536265224563,35395,25949,"i","2035-07-29 09:48:54",-5455,7.8664354e-19
62089,2570262238,9127811841595289573,50961,30517,"N`q-rF-","2058-11-09 13:37:04",-13309,6.5480605e22
20768,1256804458,15367924723275435254,40912,43118,"UV6XQ6/V*n","2078-05-30 09:27:30",-21163,166476580000
57939,4017302859,10866539720952106409,16388,32690,"hBN|V ","2063-12-16 08:46:16",29997,-50587624000000000
440,3449931774,15139280112139750274,55422,45982,"3@","2045-09-10 07:44:57",-30004,-4.8187637e23
54017,1462787221,16496321042148982814,3557,10484,"kQOUi*#]~8","2048-01-18 00:19:40",14958,3.7372428e-19
57299,781233088,1756899578630378398,64738,43719,"]A","2092-10-20 04:05:16",12905,1.379884e31
50023,2968415100,10260831931072333273,64456,63516,"H}VFIVd","2004-11-18 07:40:00",-24636,-3.474942e-15
30123,769232430,11240909010214304395,22480,41349,"","2095-05-30 21:05:06",1737,-2.0420799e34
17589,186619830,9894405611872620164,51802,63592,"c$dtvH","2073-08-31 05:56:01",16637,-1.3504746e-33
31910,862843302,11150666209005360787,51669,2645,"IYxzuhU","2071-12-19 03:14:38",-4538,835661140000000000
63150,3209823464,3962100572160800160,55531,35898,"hY0Ab_","2015-10-07 22:53:32",2112,-19.311064
36663,1034972422,10888276695833253450,24619,24631,"","2029-10-16 18:16:35",28169,-4.7329524e30
18267,150594982,6195505115945837884,52843,46420,"bC,{L","2094-06-16 16:30:36",19302,-9.097927e29
25296,701905310,2678406573878851632,10323,45823,"?zd\","2068-08-14 21:01:52",-7839,-1.4132697e-23
32046,1660118071,9903808228423641202,64461,44803,"opmqYX","2101-11-02 18:10:26",-4622,-0.00071572524
45689,1193698767,4816475754133834027,38121,43473,"'S$)Uh>p2G","2006-09-14 23:13:21",10346,1.7972105e29
51802,3443317236,12368279908798388935,53394,24748,"_8j","1984-12-08 20:24:27",-21417,81498514000000
9038,2358398694,23744381763100289,25764,39173,"h<5","2077-11-24 03:19:47",3188,-0.58424205
46950,1271574959,18109814732437858874,14816,17302,"","2084-02-28 13:32:38",29023,181822.86
2929,3728592211,2733085415778916253,47611,145,"^O='Q~bI?","1971-05-24 20:32:48",-22342,0.00002814245
38269,414242036,10418558768155465630,10351,60421,"S-<5","2067-07-27 08:05:31",-22289,5.6571595e-11
13957,3254899198,8205286611510160239,44824,49147,">G *eDHs","2036-03-14 02:33:50",6312,5.92502e-12
8212,774183635,4101015405012915859,55437,37990,"L;","2032-01-16 05:21:17",-24217,1.4087852e-27
38935,894393875,9509634968435233278,25277,55757," ad""6","2100-02-22 13:36:48",-5140,-9.853946e29
26795,1349272425,16083829596798858494,7864,31796,"Wkp","1981-11-10 19:52:59",-25662,-0.0004695645
4566,863994872,2477075593586501796,22351,34122,"cszfX-]C80","1970-04-27 12:11:58",-12411,-4.983724e-25
37056,2773854824,12247435245374592012,21330,55963,"r(Ed*v-^T","2014-08-16 06:18:47",-9645,540307.5
29444,504661594,4104289076166442844,57531,44312,"{1r>F","2099-05-11 18:30:30",15822,3.9248452e-28
42835,1787516440,3378661219604632358,57650,44336,"0+g>R","1974-08-29 03:01:24",-5785,8.630289e-17
38522,2804543834,8674119236623379874,13248,18096,"f","2071-07-05 12:38:15",1374,2.539465e-25
15696,3052458966,9794540251535925011,39470,21748,"m7>O","2095-04-27 18:49:29",29328,-4.0087593e32
52903,417531975,15139745229064927049,25098,25502,"2mq1OWb\s7","2098-10-23 19:04:55",24894,-362635460000000000
57680,3047406207,14774851656936649512,42169,27367,"","2050-04-23 07:47:47",-21338,0.03271899
9969,1516460440,5467576662005167279,24776,48712,"]o\A","2094-08-06 04:19:22",124,-5305366500
4304,96754636,8944401816215160245,40164,35329,"Q","1974-06-16 08:39:47",22560,3917588000000000000
40806,1754161712,13070733394440198524,52097,58165,"TV=","2077-10-25 23:16:05",31025,1.5215026e25
20909,1878582089,12875320298622380248,46111,50368,"RoQX:Qr`.","2103-10-11 10:50:31",-29791,-157550120000
37808,1928045959,198328099915997652,13204,44955,"hT~I|5R","1980-11-22 21:02:46",-7109,-1.4989166e-30
45086,3826901269,2350029184686128033,43237,10680,"jg+","2059-12-19 20:21:59",-12561,-1.9643486
61810,1240253522,8660267397406505011,55054,32961,"?Y{Zh6^+""","2017-07-01 05:27:17",9837,-1.1190216e-24
55062,409889398,4184181341202549674,3931,51258,"-=2C*""Xr","2064-07-26 22:52:45",8927,-2.9345018e-34
34570,3460495621,15672169623756418937,15790,9910,"&","2025-04-13 05:57:06",-7556,-25083.426
17167,3481313979,11744929696887677849,32177,30483,"(m:1E","1996-12-08 19:58:55",-12962,-8.902152e-29
62357,2883394072,8406305783065388363,34543,50379,"SGyI","2051-06-07 15:44:20",-26352,1.5432474e-24
43532,1392040668,17008659887570183942,64176,61957,"uS""mLm$A&","2093-12-15 22:50:28",-32374,0.0055564186
60779,1948209551,7889381962891712747,56048,3706,"-?)x;2m:","1982-03-05 06:55:05",5659,-1.7004073e-30
52362,4110241533,10973922896701314236,28925,24395,"\1ip","1991-10-24 09:39:23",12180,11627710000000
47018,938338143,13598850546113455826,20002,35518,"kUw","1991-12-04 09:50:15",-15493,3.2177973e-31
24874,1322391500,645913257205315572,49539,44217,"cr%","1985-05-28 14:24:11",18721,-2.9298242e-25
23355,1953829618,9674586424537874179,54801,23869,"u+V1Trn","2006-07-10 10:42:16",-21130,-34070048000000000000
47196,3695686640,13154320501523245824,62853,27705,"UZWrE7 ","2064-01-16 16:30:15",13199,27714.443
2268,3917159401,4257322647984147403,64147,65515,"z","1999-05-19 15:13:13",-17139,-5.1619642e33
7592,1554410687,8156383648567002292,20138,8971,"E[.5ZRkX`Y","2026-09-14 00:42:41",15511,-4.37549e24
50319,4269835707,12175783955117437218,52768,51753,"}m","2037-08-02 21:05:51",2783,7.4569103e31
24709,3744817095,9933083255366718978,9802,62556,";","1992-02-15 11:14:38",9060,-0.00000614025
47747,3775612688,14955344043293795997,43199,15119,"a@R-","2100-06-04 00:27:43",-26856,1.6783679e31
9522,165371683,3598780731269603649,424,41464,"d`OstXxm","2059-11-18 14:20:13",10935,-6528075400000000
63554,644738037,11564105493276534587,65499,40743,"<%+k(~|x1","2016-11-18 14:34:06",-23514,1.182108e-32
16335,2951412504,6244600375031319363,64830,15414,"#|[vYst5{","2080-04-01 14:25:44",17209,1.3165105e26
30506,1560699452,14112631185499493435,277,48111,"O[82F)","2101-08-23 13:30:20",-22733,1.9924592e28
42063,3664001723,674202998679908807,32667,22491,"","2059-04-30 16:31:00",7078,-2.8174122e21
6266,3309275955,5918556403297936276,56733,35420,"k5JOQJ","2021-05-10 11:21:46",19467,1777.0118
36578,3011696927,9696437178995157146,25227,48797,"|]'","1981-11-01 06:52:37",-10504,6.2697296e29
922,3167903475,3927122980103236072,44210,36980,"#AI?~]D""","2068-07-23 22:29:14",-25272,-1.9022757e-9
17545,1274041248,9574882870797153282,27266,52550,"7yr3<o;6","2093-07-30 09:25:33",28024,-406781.9
38456,267381259,8112126455641619855,16064,24754,"qj4@Gh","2101-06-07 22:05:19",-762,88898.836
12703,1943602769,5593671087117046248,8874,32505,"znnW;YQ5","2041-05-05 04:43:14",26399,-2.0475794e25
3588,996797966,12276049319078231437,50794,40970,"r7;","2064-01-12 13:28:07",-8902,-2.8328492e-10
17976,2054828123,13346245649063686316,64592,20578,"7uy:J","1988-08-09 18:45:41",-5399,-3.8944344e-31
15633,2400217185,16741604109653355685,47405,37505,"#ukrh","1995-05-21 11:23:23",-9765,0.00005468179
39543,2526520804,8390320726587896408,34211,14261,"P8nM","2099-06-07 11:02:01",23491,-7.96879e-36
31952,4139068026,13261685546283744307,19752,64910,"Gke","1988-10-01 10:38:38",-26601,-1.7091768e-38
19832,2515527127,8482303966553661691,56806,49106,"VV{]9}4","2002-02-17 16:47:17",31049,2.3106642e-22
8981,3688761368,122149648842294611,36148,181,"7mWo0>WFa<","2077-06-04 19:05:20",-26958,-1.0808919e31
17786,2794403330,10259653403913899440,10025,36192,"DwdhdM]k","2056-07-01 15:52:30",-14920,1.068075e21
10582,1060994382,12909380622942593326,19120,291,"{]|n(@Y","2034-03-21 19:55:26",16043,1.6988009e24
40306,1812628805,364618853814479625,23299,27394,".L","2035-08-12 01:39:41",-28283,-3574083300000000
47623,3431616872,16997785725159772202,64382,44424,"1z_}","2094-06-24 16:29:19",25831,-683920300000000000
34150,3973417628,12834490762928415247,51172,17810,"dVUSP4n2","2068-10-04 20:06:10",18631,7004368000000
62865,2626106293,10956729489997727652,16940,30970,"","1970-04-17 06:25:23",1580,8.601265e-34
23215,2359177291,12251402531484598553,5286,15847,"[:%","2047-07-16 05:38:39",-1978,-1.9869029e-9
61891,980056805,7726452037896356283,5397,15495,")\o.)|9e","2000-09-01 22:58:11",-3645,-1.02554435e33
44669,2475948867,2859406712171170770,25024,38332,"ER6)+LB=8J","2099-05-01 00:34:29",-28774,-5.6280997e-22
48020,406431822,1631121475451878126,42142,24894,"2#Y90B","2093-12-03 22:50:19",-29169,5.6237144e-9
6530,2174049822,9339786366405708004,15439,182,"736VXP","2017-07-28 05:50:42",9298,4.0003166e-16
7129,4085429388,12977942003997045812,42481,54618,"=B","1990-05-08 14:29:49",23055,-9.792214e-14
64565,2063149130,12355677770576883578,13233,63432,"d~|Q'z;(","2062-03-26 18:33:52",-14888,-656392400000000000
21120,4235511355,4420020397238403032,57517,30259,"&OG.","2023-06-16 08:43:48",-13327,-1.7298082e-23
17169,3897800148,14056075413369041670,41246,61933,"L+b=a<","2012-07-18 16:11:17",27149,-1.60591e24
9744,4148024892,7256747780942699890,16711,52862,"3?]V ","2077-04-22 16:06:57",2713,5.0088148e-20
19734,628752277,12692223901161308624,495,55963,"jQ#","2006-02-14 19:50:27",19640,4.1050324e31
56803,3202521871,15472363543263490625,57317,47744,"","1997-02-18 15:47:27",-12222,-1.8032042e-12
30464,922260445,11370347840256433808,28442,27633,"O!.","2044-01-07 11:24:47",20959,-443339940000000000000
19644,1032001932,5904207936114260605,55838,24238,"%O'GocaR:","2103-01-03 16:45:17",28279,-1.6603257e-11
2548,2361174516,7872086858166533294,11147,33440,"J","1981-06-02 23:10:55",-1808,-326591650000000000
44818,3733825702,10841176406120922632,62662,155," R&'oc\N87","2063-07-01 00:08:24",18267,-140126810000000000
63225,126780270,14437216588352898510,12755,48412,"TDJ u^SA8","2012-11-10 08:23:39",10577,-3.9139194e21
42721,2671749463,14604845838573392182,53042,63382,"?]hlih=o","2033-01-23 10:29:30",-7427,-899.89886
24437,2289424279,15962142804572630189,18649,28681,"f\","2001-01-17 22:39:23",-29734,-7.53761e30
16131,2080422930,17854814445371072632,311,16007,"7&qFE,&-v","2029-11-17 17:35:08",-855,1.2540837e-24
52591,3026437081,6764341769319037035,51952,50104,"R","2025-01-18 09:51:15",-17592,9.529116e-10
35641,703026446,6415493068921015963,38647,28103,"c9uY5h","2033-05-24 22:04:14",-10554,1.4780265e-17
48448,392095788,18021596341117614237,20267,54981,"Po~]uaOJF","2061-03-11 02:10:38",-12923,1.4316629e-37
39661,842015060,3900231191787233935,42510,17172,"[""gr9","2001-04-29 22:53:09",-11011,-2.249329e-25
28920,2307825936,9351990708501589998,58807,42676,"GD*;","1994-09-14 02:07:49",2035,3.129338e-23
57590,458532774,3952483637806645880,43384,38082,"i0v","1978-12-01 11:20:31",-29756,-79344680000000000
52827,1891934994,5278768597280625544,33514,18939,"","2085-11-22 20:04:18",31244,-28819.703
48512,2369480434,9542214428219434793,41224,55504,"zblk\","2084-10-21 01:28:38",-3993,-2.0468551e-22
53012,900652477,17982736937105905915,20656,36484,"oYTTZ","2091-10-05 02:04:04",-11536,-9.960709
47826,3542364457,4726734517984302559,65176,24925,"2","2008-02-02 18:33:13",11377,-5076508000000000000
50910,913196079,13795459184142128574,12894,12310,"OW=+L_]","2070-10-27 20:22:08",-16751,1.2859887e31
24230,45037250,12953577637804245049,53604,19670,"mOk:L-_","2038-06-15 17:07:00",-23754,-4.9101144e-37
17068,4169257571,12435136275151216827,17232,48402,"pY@6.;H""Xi","2070-11-02 15:08:27",-21283,-484.37976
61258,1544853395,5681722377406056662,18436,4705,"8zzsNTbM","2011-04-03 08:51:17",-5005,-24.63749
23296,2240906336,4159543341874024644,17374,14614,"h","2069-04-07 04:40:13",-4404,4.8211994e-8
13706,1052057759,17181731550924864137,1743,6396,"","2059-03-13 12:41:40",5771,-0.008947554
62203,4094239736,15372963254507335332,54101,49532,"","2041-09-07 11:36:14",-18980,5.402698e-31
47332,1175487370,8560650594069389865,58196,27599,"V/9l8oz(","2048-08-02 11:56:32",-7572,4.7566476e-29
10384,1939244377,15059779297612927920,48218,20130,"C{,$4]gf33","2093-05-29 17:22:16",-31948,404380770000000
5047,2571039036,13400443889707522606,65053,4743,"UL`5y{Gr*","2041-02-22 10:11:13",-30656,2.790262e-22
56717,2256688845,4256021544830815188,23992,36101,"U","2027-08-22 22:04:37",11332,0.013429606
41291,2640270371,16602784853243830034,8526,60914,"EvU*4P,","2058-04-14 20:54:10",-22182,-9.387154e23
6622,3170034893,15711496699082265373,49899,27155,"","2063-03-02 05:00:29",-25575,1.284561e22
9982,2966096656,5700214034905112266,59539,45613,"doAIqw~#k^","2104-08-16 04:04:23",31742,7.8923256e23
64915,3572242743,8850566105408561469,7241,23897,":Cm*`Aq5E","2093-12-31 18:51:24",-258,-8.853969e31
16636,1384982341,8377756800895410528,14405,5200,"L[U""Fe","1983-01-01 15:54:03",-19108,7978640500000
30817,2138853931,4038361691854303165,1644,2690,"ezeD","2008-03-24 14:00:46",-1286,2.1621719e-19
22687,3060504924,11272802722692373228,24302,37373,"9H,A_d#C","2043-05-09 17:56:50",-21238,-2.1270678e-12
12471,1741126211,10938255414627856617,34705,6475,"Bw{(514nq","2091-03-29 05:34:58",14431,-1.8441898e-35
39851,4071861665,17986781368587330227,41258,55238,"85b","2069-12-17 17:20:09",-12517,-1.4379438e-28
52972,3915511078,9821711110316403945,1364,57177,"#_(N","2086-11-26 15:29:30",-18553,-406504470000
61198,4163222519,5947372768603087529,12786,33608,"S3z","1989-03-24 23:03:37",16235,3.8666e34
38474,890273151,1688118953918461869,49920,61831,"bfd""I&bz","2028-05-22 05:26:18",6902,7.877239e-13
4679,3456714792,16392873939211395886,1830,23276,"AKdQpObF*3","2079-04-06 21:59:20",28729,-5.1033186e-30
7405,2880722093,12870870046817420235,41458,6678,"$c?Av","2091-02-27 04:39:46",-22245,-14123835000000000000
39568,1312945660,16884921778981029082,36998,55616,"6*q'c","2089-03-02 13:21:01",19926,30216663000
53112,72571963,17687397947211661371,8298,59857,"u8:d","1979-03-03 01:35:45",-20189,-0.0018744885
1755,1878113001,16535729573491272402,58965,41841,"#p","2050-04-02 14:47:01",-28498,2.4977828e-7
49729,4150752861,5996698929476942056,33349,20953,"","2078-10-01 14:20:47",22994,-6.39735e-32
29286,2614284061,16469698042887098408,12458,30019,"`NE#1c","2005-11-17 19:18:16",-15775,5.606863e-21
53435,2331133032,12291097675648584650,30570,23485,"Bs","2022-04-28 03:54:16",25878,-5.8204786e-12
15247,3592625471,2998812461478701363,63728,1335,"%v?:0?)9F","2002-09-14 01:59:49",29727,-7.467616e-20
32478,981286007,17003470822170212418,6246,15575,"E~YB","2047-12-04 15:19:35",17309,-8665584000
60588,273489801,8411198054425221044,52159,12907,"$=","2048-11-19 11:23:43",-14327,-0.00015919271
20206,2010390849,1767196670599620606,38149,22596,"VD&jJgV~d","2095-10-11 12:24:50",817,-5.0675895e36
6112,2299441782,13503607526880231720,55990,12710,"VI\zS@","2058-12-04 12:09:36",9567,66619670000000
42213,2559560295,8224195206795546188,50336,57395,"~<{)zZ","2106-01-30 01:07:53",15345,-2.1176221e24
12381,120687102,3804841685417941097,38419,27495,"R""eS","2105-08-02 04:29:02",32676,-4.417893e27
26693,2781110088,7022900609719571436,5989,38842,",Fnu#M","2044-05-27 14:34:36",-26631,-1.9630578e-22
4872,2909209077,2004618527881958197,18052,53579,"ub","2003-03-13 10:23:08",13985,-2.3093772e22
41053,1683654527,989002000233746385,60021,5969,"b<","2064-01-08 12:59:31",-20637,948756300000
48650,3120166999,6038241742988056223,59714,11034,"w","2006-01-12 08:02:51",-11476,-122266770000
51993,3329950092,14315424061442583641,36942,15385,"Vj4fmrpBo0","2027-10-07 08:40:21",-2237,8.8569996e-32
35722,742919457,12713778752730280818,38657,15941,"","2022-08-08 17:59:10",-26035,-2.138711e-12
16046,211387702,4178785042281257595,2273,27760,"+5OPE5R;S","2003-09-21 15:39:29",-12802,-2.7144173e31
13412,2817408532,16470498710370095524,61606,28712,"7!0sN","2077-11-06 20:10:14",28388,5.794614e-17
64719,2606661854,13403433496182653331,30720,38908,"","2079-09-07 06:25:58",-7586,3.6364929e31
51895,3672694819,12932429822986156415,26016,11180,"~","1974-05-07 09:07:48",-11669,384.05133
17832,3249718689,12369432262835860067,28232,26848,"QeBj7","2026-07-05 16:06:02",-10966,3.241195e38
35938,3152517403,8286498337607618908,53213,13288,"""U","2096-10-09 20:07:34",-390,8.2577865e-30
45752,3610757466,10450026558334488198,4186,24854,"h5;zGh7Jtk","2072-03-21 07:14:33",-416,-4.398315e28
62864,771394404,2984993979401094208,28983,53339,"","2041-04-17 17:53:51",-3543,-3868152800000
58916,1258197038,2355156944417576703,29652,34089,"77?_Hi9","1996-04-28 12:05:56",-18162,-3.1008842e-24
21929,2578456411,17796069916964563508,463,43111,"Il)~Gc","2099-10-25 14:51:52",-9064,1.0594922e-34
52002,3889529024,3371892646462885884,46258,41740,":554E&i7k","1997-07-29 04:41:04",-3111,-5.6495213e-9
58929,3623236154,14046271732427860702,55948,57294,"A2{tk-T.","2068-12-03 01:18:06",-12557,0.0000014920125
45447,692392659,16116987113432398249,57722,8482,"?1","2081-12-07 17:59:24",-20952,1.6393389e-24
57654,2972689927,10973367736423813898,5969,42029,"","2086-05-28 17:24:19",13960,-31647674000000
58246,3194043715,7394988352789967039,49828,8610,"5zj;","2015-04-05 19:48:13",-23371,-352365580000000000000
36849,968042797,6925154925184953275,21545,50194,"LC+hqJO#*;","1991-07-04 03:43:10",389,3.819874e-21
22309,3973239777,7219177598911612046,53862,25712,"JqsZk0","2066-02-28 18:53:43",21148,-5.080751e31
32887,898482079,9466429754936195092,16456,53944,"m1,9+p@V$","2037-10-13 21:17:28",27841,1877025400000000
65319,1567586510,12969204882267048769,63767,1516,"{kx","2098-05-01 22:03:44",-14071,-8.9732716e-10
38121,4134222722,17165033385310531887,63025,35448,"(wZ","2059-09-30 08:43:57",29559,2.3331322e-32
41197,2528766080,7546742540707221827,11775,23286,"YHV>hG75$N","2020-05-08 19:39:38",-1586,-3.2601146e-33
21756,3731138497,16145804348387527399,18225,45056,"","2095-12-17 18:32:34",7683,-4012156600000000
32725,3987204680,9664679010902432038,28765,42789,"#","2081-12-03 15:48:19",27208,86992504
40695,698262993,6788434604399141034,42249,36236,"*'Xl.i^_","2096-03-01 17:48:17",-4702,-4.7226894e-22
2679,2198912702,10710598301046468970,52107,16300,"6Q#%T|-:>","2089-05-17 23:19:16",-4063,-6.996897e-14
7158,2091608722,16048919878075913689,34564,58557,"L.","2064-02-09 23:58:27",23819,-31287368000000000
16023,2896314091,18096284677442551428,51857,59551,"D]0qNn","2090-12-23 21:04:36",20140,-261620630000000000
40206,551769111,12601085496294837046,36161,7242,"(N-NZE""8Rw","1981-08-11 10:02:03",12707,4.6985065e-22
64451,1813266768,7879944476115097419,42482,35353," BsTL=","2038-04-12 13:34:14",-14777,3.1332998e-21
39327,396690313,10167297474541285682,15376,37978,"","2037-02-20 15:43:23",-15631,-3.7829148e31
55707,2160873634,8437744680818155917,54785,43116,"-","2098-06-05 15:53:38",-22111,-6.3170855e-13
14729,2439568355,14910133203782118615,51801,18971,"{:2\","2080-06-29 17:45:42",-16389,-0.014621964
45858,2982539524,11957460165343024002,3623,12119,"no","1979-07-28 05:58:52",31324,-1.4225455e-19
16567,2149244686,7400740872792961180,8806,5945,"J:V#^H@","2041-09-09 09:13:56",28695,-1.1279705e-12
54982,3360114682,16000019604461546851,57572,20711,"G$1x7G&lH8","2060-10-10 07:33:04",4773,3.2425406e-35
5458,3570382215,3803722778018928894,20821,5824,"u","2092-07-21 14:41:23",1420,-4.913877e-7
35018,1911967438,3901478950384498971,63780,5604,"*\","1990-06-19 00:44:51",-22191,-6.6659e-32
55977,2099940251,9403448592937914800,57240,64725,"Pw- q","2105-08-26 22:35:49",-23095,2051336100000000
1520,4123711560,13955128728840867938,63318,52696,"eJZtP3<W! ","1996-01-17 23:34:31",30104,-0.00059648603
33668,3562838260,4357454156531818893,25985,53927,"!|","2009-10-17 18:07:30",19417,3.247565e-10
33101,2905188759,7001189958153529331,43588,33633,"*|E!_(D(k","2023-05-25 12:18:59",-30951,-1948519100000
9099,2282423976,8718691199076219880,6357,27520,"ASQ=xjH1","2010-05-13 22:21:51",27015,3.3113756e-28
27729,3384047779,13439372148052306535,28159,27897,"Oi1_YCry","2016-04-08 20:08:06",-27814,-718635800000
53700,736697289,7529366821389316885,57984,26297,"","2066-12-09 14:05:20",-17002,7.615457e-22
50007,977554380,4874870225140974462,4453,13159,"","2030-03-29 22:20:08",-29064,-1769627000000
59846,1029202297,12540491193497305596,53262,63953,"h7blvm:F","1989-04-28 01:21:25",-23275,-12851153000000000
62089,2165247092,558250671435109319,17324,12766,"5e9","1996-10-26 09:57:19",-17169,1.6594541e-34
62087,434999693,9261697904067870574,2271,55120,"fV5","2008-03-15 06:51:01",26337,1.02710145e24
33360,2192374654,2541316928889076699,47339,57407,"'XvI","2031-12-06 18:03:00",5654,-5.347966e-32
57833,783205668,10584829158509153573,54939,46300,"o\","1989-12-02 13:23:25",-9587,1.5895986e-21
11082,1737922287,6545170401696870634,35910,3489,"","2086-10-21 13:23:01",290,128528170
8031,2654173602,13289861597748797060,19232,53871,"(<9 :W74M","2089-01-25 23:10:10",21748,-4.1820742e-32
44617,3700341517,15050859603750318118,11259,33798,"mqp;<W?Dge","2005-04-22 23:07:10",21800,-3.226325e-18
56347,2005612931,11876568274754569239,51980,24624,"F$-s[","2091-03-27 14:29:04",29208,1.13030336e27
18406,3016197987,1778520277020368837,59772,17762,"","2021-11-02 07:14:58",-12505,6.752614e-18
64488,1685535489,4978699021994956017,18249,10748,"F>w*","2054-03-07 14:00:26",-7691,-1.1743074e-15
44121,4086804586,412518263674227404,29634,56572,"-zl9a/[:","2026-10-12 12:41:50",2581,5.616691e-26
63164,361516421,9348642272791893623,47904,36241,"le+FxY75uc","1999-05-12 23:03:01",-24525,1.094088e-39
27552,3512977881,17442022428669726355,51021,17991,"i+M:","2096-09-01 14:25:42",31769,-78566260000000000000
4506,3959539160,18445070664994773001,8595,24003,"","1971-10-21 13:29:23",-3303,-149130080000
6279,275404157,1370996719362312206,54765,25603,"O7","2098-06-22 16:30:49",26710,3.5711678e-31
9805,3000944466,3950127249167451013,54204,58848,"?\s#i@Ls","2026-04-11 00:04:31",6546,2.6654419e-18
51860,4293952497,11290356505381481470,25730,172,"ai6fI$2m(","2023-07-27 19:59:47",11662,-1.7799177e22
730,287756437,18404256925020405376,3842,23217,"","2002-08-27 18:05:43",-27800,2.4097664e-23
24215,2173345804,3470814487842736673,34287,11155,"zcgyOy^T","1983-06-24 22:51:40",25679,1.8852588e-24
6878,3474030563,6828081222358645949,39675,31165,"O=0[UV}","1989-08-29 17:56:45",20400,5.061664e-30
35926,2366412311,11306610634585832929,34997,64493,"}2a+XCi","2044-02-13 22:32:03",30018,9.866304e21
16469,3596147246,1944570660229434132,22070,2648,"yX&NXUN.F","2045-03-10 08:06:12",-5431,-6.3208425e-9
11037,3298205558,18434820732177685484,2647,19877,"o:g","2086-05-15 03:13:24",27232,2.5583078e31
2984,3959035302,7007679947368242799,31094,30625,"","2008-03-27 23:39:46",20827,3.101091e-15
39024,2505948187,3481053433407760225,58862,16242,"oCBY&9","1990-01-13 15:08:24",16617,1.2160657e-20
18873,408894315,10105862215853789233,19673,59696,"{*""","2059-07-04 08:45:05",-30579,6.1080454e-14
11159,2382522320,15631345149805144250,20398,53661,"d","1977-09-05 22:24:12",28603,1.05799583e-16
7348,74989230,14286795427006008389,57948,58796,"","2097-03-16 01:36:01",-18958,0.00002371038
14220,741858882,5413749499716342565,41497,55111,")l'Pl#","1996-05-09 18:47:40",-6791,-440683400000000000000
31490,3289245485,4048120694058844687,47587,32413,"4A","2061-09-29 09:38:49",-9693,-2.8987176e-34
19877,3551585788,1129499529818156601,25302,42961,"","2076-12-13 14:35:17",-23825,1.2898448e-34
61045,1524910351,1832337487536632361,46531,61585,"zyR(uX","2088-11-04 23:34:21",2041,0.9880438
62218,3346282628,11254280068438957474,19596,43518,"o","1991-03-05 16:59:14",-8921,-1.400346e-29
61092,154038014,4065845857024817349,12413,46077,"I","2083-09-14 15:39:42",-183,-501350500000000000000
7480,3228122870,6138669160262838006,71,36540,"ORzXM5E","2106-01-06 00:17:37",31267,3.293957e21
10881,2980909597,447616504277994097,1505,38408,";/","2093-02-09 00:34:47",31769,1.0808141e-30
13817,3145950373,327712941582657659,16873,39834,"l32","2039-11-20 16:42:05",6021,1839406.1
5361,2092751019,2832575052629605510,24284,14502,"Y'|',0iK[","1984-03-11 23:58:17",-22021,-1.4022058e-22
37969,3349734422,12341227122555440674,28547,46288,"x@\","2048-03-30 12:46:22",-31181,-0.00016013895
49820,3739261239,11881623761389102744,842,41614,"h","2046-04-30 17:12:15",-28314,-1.5098625e-7
50503,725249735,18085332667545651457,40330,10936,"Do{j","2014-01-13 02:48:31",27909,3375.3518
5296,3002582170,13357817627505292636,46549,41054,"S","2035-07-25 11:31:11",5575,-2.9647725e-12
6135,1506089358,14797923345970173630,40033,46578,"?5""i&","2022-09-27 16:45:47",16288,594073300000000
2380,4148563249,14077362730584134873,26672,62913,"^i","2020-07-21 17:03:28",25235,519730720
40918,792057948,13387420034715713065,32267,64011,"S`?p'+(5;4","2096-06-19 15:58:37",32736,-3.5842263e28
26414,2791622728,522486943605003061,20868,49885,"","2060-04-02 17:20:24",29624,4408171500
9586,1129082438,2511744855789147767,52760,56282,"B`""Wsm+7@","2003-03-30 01:04:18",12083,401335770000000
15687,386572544,4171393642201122620,2709,64135,"=}V","1979-05-30 07:53:43",-8949,12974356000000000000
32188,2633796931,3196730545730120608,49780,3996,"(H>`e","2080-05-21 01:43:13",27187,638.70044
24483,2312555247,4231048069153249157,11280,15098,"UQ","2020-07-17 10:52:50",-18871,769192.94
34528,1058240877,4772545300349065327,28089,46138,"c","2038-05-25 11:24:07",2108,-77.33187
41570,1556928432,16013682329979416897,14582,14615,"","2066-08-22 06:17:38",4161,4.0552217e31
35724,931621831,5239306338302128850,30529,35873,"<.H|C","2019-05-03 06:11:36",12269,1.5460534e31
17421,2813822149,4309264373153069595,51652,23336,"ke","2059-08-26 07:10:28",-8181,2.4187202
16648,2665175008,15008312879626512402,50653,20617,"","1988-08-02 08:02:09",-5933,-1.1730978e38
22019,959108524,4773788212159663592,39312,17667,"e-ZEjn)C","2090-09-15 22:55:09",-11985,762812000000000000000
38949,4101752807,9425406258473985407,50754,49778,".5/}!|\*>","2079-07-31 03:37:40",5505,-2710208000000000
50689,2144481704,13923231177709691572,30442,29124,"F","2016-04-05 14:01:26",-4592,-2.9259384e-14
539,2625816132,11726538144958723398,31619,56156,"W(","2058-12-26 03:02:38",-3051,-653686.75
21388,692972593,4569756129610049466,64972,17365,"AUVI(","2095-12-25 16:18:39",-3487,5.6724214e-20
1647,2963948226,4864814690281604195,41218,53790,"","2024-05-22 10:50:24",28441,0.000011609447
8304,3815478464,15195674791705854675,55829,64893,"","2064-11-05 02:04:57",18430,0.08834145
54811,191106775,12844393623557729933,22558,10079,"6UR@6H","2103-09-28 11:56:30",-31963,-0.0001400576
64825,3818663341,5494656980529962007,5835,27832,"6 z","1987-12-24 07:00:33",528,-1.2996737e26
16287,1187083194,2886668173711275257,13543,27305,"nNH6W1*H~N","2097-07-07 17:26:12",-7256,1.7061012e21
49438,1660368438,2323011121599809344,39515,43269,"N>b+]XiAl-","2006-09-09 23:07:41",17790,0.00009535893
18032,3522340161,527964196080013837,38240,59913,"9@g>o","2056-05-07 07:38:39",29372,-3797951000000000
28100,1639122127,14218275430433073305,1946,22237,".\L","1999-08-14 16:48:25",19631,-269749.47
53914,4014621093,9368246288725219395,53070,33971,":1uJbs)","2096-02-10 17:09:36",32103,-2.2789175e-32
19949,1346448264,4595784502064157125,25462,53863,"L&d","2102-05-27 08:29:59",23040,-10108515000000000000
78,3567596233,782264768088801653,39828,34938,"r82ytFFBzS","2064-03-04 10:39:28",-10558,9.854847e32
8105,795298374,9157966082078449459,34116,24893,"_","1988-11-23 15:50:37",26043,-4.800741e-19
25731,1449225065,13231901331856170095,46756,44835,"j`{3r ","2105-08-10 18:39:25",-23087,-1.9141362e35
45134,2996322829,6668202424146868413,64473,47222,"O?KW|_:","1991-05-31 07:44:42",-26181,2.4991463e-30
6313,239008539,3577365725599100473,13446,64341,"ild)v","2022-03-03 20:22:38",7554,1.9116017e-19
23743,3914044602,14924893177870425195,34359,16423,"\+l","2063-11-26 04:00:52",11207,3.1017072e23
1637,969777464,5573514048765240414,51317,16075,"G=9s_K9S","2057-10-02 02:55:44",-10938,-16947507000000000
10684,1082342323,15958584277103745043,1674,33410,"","1976-08-02 07:00:25",-15090,5.0535073e30
59799,3561535829,289588692537804502,13197,40096,"!+)ETny!A","1971-09-09 13:28:36",9674,-5.630314e-20
12111,3415758722,11047553783421693997,59587,9639,"=/x:YRm","2089-01-04 15:01:58",-24790,5245301000000000
884,76482235,15715446705325027414,36516,8194,"_","2034-11-06 19:15:58",31689,-1.9275887e36
54287,2598585703,11932944126853713699,6460,3677,"# oDrj#}(q","2021-02-16 19:10:14",-18154,2.2468e-31
23756,3357684421,174618908580750264,16655,53917,"u","2043-09-14 22:02:39",-23570,-4.016884e-37
7015,623974965,13834515141662774682,23147,31167,"5YF5VCWcf","2097-11-15 17:36:00",26075,48.51028
39113,700599750,6016581007724060058,52143,50020,"qB%.TxseM'","2048-02-03 21:03:43",19924,-311190.8
44739,4062669183,1959548418252787424,1845,12477,"H;KKt","1986-06-22 11:14:11",-7697,-3.3612991e-13
22947,3858579675,7312857266587748708,57189,62536,"R","2008-03-11 11:15:18",24352,-6.1853906e-29
39764,1080792361,10937501770269325037,59573,51321,"f.o","2065-09-24 19:41:13",14598,-11899797
1671,3662350758,14631909223813958033,1417,2510,"IBM<Hsi","2039-02-16 09:24:51",-30775,-1.4213886e25
2794,3226792749,13047477649519711442,22376,32595,"mM^}F)#W","2085-04-01 07:10:18",17219,0.00009608376
32724,1540275678,17493766592251241494,59640,50865,"2AMbA","2024-09-17 11:47:56",18945,3.6608326e-34
15139,1803556079,12342139495884029331,39019,39078,"","1975-05-11 09:00:21",11165,-1.2942444e-13
28436,3880126173,9583992911712846504,45680,1536,"-9kv~","2096-11-22 20:39:25",28956,3.267986e-19
1393,3650240589,6719580428689312421,821,1524,"%j","2052-12-17 03:27:05",-26628,3.4172606e-23
3906,3888062930,3371971756373985032,54265,21896,"s]Q>","1986-04-02 23:18:51",14892,-1.4024356e24
32826,1385084628,5154972352152761711,27595,46778,"s","2027-04-16 02:44:48",4823,-4.2913893e-29
9762,3746045450,6233773893609339126,28420,34048,"","2024-08-14 04:34:36",-16531,-1.3828526
33450,974336382,14498387152601165684,8913,62700,"","1974-07-19 20:38:00",30154,9.936071e-23
32936,4194162824,14880746643406693376,27143,52290,".","2097-04-04 06:37:34",9666,2.0532079e33
33830,839606380,5663971688191312169,58105,33305,"}}4$Z","1983-05-07 20:24:22",-10810,-4.264819e28
47078,3255581095,15086158061827145121,45855,27511,"bMm{&@{B","2091-12-30 19:38:07",-27734,-160.53032
18515,3857640345,12734697083156718397,4758,12654,"ule2)Y4t","2060-01-31 09:23:05",-7935,6.9180024e-36
17114,719069278,10402619995008389411,13060,14936,"-H0M","1997-01-19 10:58:20",-377,7.913849e-36
17019,1044527024,6853249345809947914,24686,51532,",QN3)","2036-01-24 02:11:02",-15971,178406740
62159,1368321900,7905820537618757357,549,63705,",[.d-mdmxv","2055-11-07 10:22:30",-4629,-2.5460308e27
24981,14664578,15699528455136458302,5622,30080,"sd\Z+t","2095-02-05 16:51:44",-7285,6.281099e-8
9033,69214428,13285775562986914133,31987,46099,"6iR","2032-07-07 09:22:14",21935,-508392800000000000000
34475,560807264,13375980058786911682,24692,8913,"U5Bu.","2094-07-14 21:23:51",-21125,-7.550745e-32
19795,4026712805,17117217557424860364,23745,12600,";Q%TTf8","2013-08-14 07:56:42",-11315,2.135644e28
60670,4046947526,382933745351683147,34143,41716,"9%IoX;N3","2085-09-29 10:13:15",8149,3.0017762e-33
49880,3728880554,3631503766585435870,28233,63593,"","2005-08-22 06:14:29",16891,-38268390
23219,1798783443,15176212904238570619,21856,18127,"x#,]","2044-05-27 22:08:47",19271,-7568551.5
7930,2647341717,12535047655075819836,15587,1402,";_fA_az","2057-10-10 02:44:40",31871,196443420000
21072,1472861654,7050639434695472436,25249,42489,"8]L+Gh,1O","2076-08-16 09:18:12",-23637,-63007945000
15414,252176681,10231406972659154741,41589,53764,":+f]","1995-02-08 06:56:55",-3509,-7.4455165e35
41092,918164085,12286579124542550327,43876,47585,"OmX!]RrG","2058-12-01 09:33:23",5066,-110022070000000000000
53625,2651262702,18129189244548852313,38111,37645,"DYK<I9/","1989-02-26 19:19:43",-7974,-1.5684806e-21
49681,2243657715,16756600043211457607,31967,2135,"E|B$>8","2024-02-01 02:18:43",-18946,-312364.66
26726,453313996,13708710785202131693,9214,61964,"Gb%S0%M]","2005-11-05 11:15:11",-12904,-404812500
4417,298826019,13258306582202031778,23341,7733,"","2026-07-18 18:45:01",-14033,1.0852089e-21
54288,2482422643,7752899277972255677,11175,47715,"4","2078-10-25 06:02:28",20158,3.4448078e-14
9068,2592613815,2582576936360371304,34250,65295,"","1986-05-09 08:41:38",31523,7.894383e30
23595,3204073483,142800275761709812,65161,39451,"O$q/:T,bP","2051-08-22 09:03:04",-6542,47641604
64799,3099512646,14957253324752514036,56553,14605,"","2037-03-10 19:23:43",-26946,-2.148178e23
998,1380279626,15162227051681810282,53025,12943,"n2jN.D|","2087-08-06 05:11:37",13575,-2.3110964e35
62162,2459527552,4514585825071735412,13817,62668,"VS","2013-12-21 02:51:01",15735,-253194760000000
40172,3036892723,3772760974034362051,29890,38002,"","2055-10-03 10:39:01",16617,-6.9971465e-16
11395,2626713506,3097501656188808832,13488,63187,"!Kgt","2050-04-18 19:11:10",21515,-2.8241462e38
55818,83786286,6249679560092944263,7288,2638,"q+n","2025-10-05 05:59:49",24552,-7179017400000000
23808,726761184,10827605593982149859,19214,39208,"~ l","2087-07-12 06:49:51",-21625,282838390000000000
47723,1059449155,3861947721031737757,55919,34701,"U,EE..bi[E","1999-01-25 00:48:52",-4471,-7.8367807e-38
5035,2285782660,7343227767016053622,64095,4103,"!HXzJo7","2069-09-01 22:18:31",-22977,8.52353e-25
62412,3276962225,4497996162619014090,40506,63369,"N4Xi7tx","2023-05-15 07:14:11",-10494,9.405562e-31
43557,2223978532,11412549119053451127,30902,26792,"yGq7n5}q","2022-10-30 17:56:57",31069,2.907532e-21
8303,3367398965,16632704400049205327,39350,6608,"Xo(r>*\,","2002-01-06 02:10:06",20782,1633228300000000
1656,2943800052,13411190657254429253,28301,24931,"^=eO;Lw","2045-03-26 11:58:32",-11630,8.5366935e-29
13587,2193777323,16102726763227653083,46873,48357,"smBD<O;;&","2034-03-30 06:20:56",17848,1.5964312e35
65042,776039106,5939916139268773518,16999,17155,";;?","1994-10-06 03:56:30",-8409,-0.01295459
16989,527104769,13644567213376722407,28180,4247,"d","2099-06-01 18:17:26",-26567,-0.00785382
39096,3833709924,14541505017182390287,25500,33088,":N8i?","2015-06-02 14:59:07",22162,0.00038286397
1386,2191470241,10222821238556773423,54137,53583,"`\xXe/6","2005-01-03 14:55:27",32723,-2.200064e-35
53782,1176041455,17584809944163740482,49488,54032,". A4#3\","1999-11-22 07:51:20",191,-5.7762174e-24
8357,78347999,16641127445368578691,39691,61739,".Q}e%*","2007-02-19 18:42:41",-14606,-7.4253596e30
9723,3196661834,9070593545567385201,12230,27208,"","2069-06-14 04:59:47",5467,-1.4432532e-36
48296,1696766954,2326583088741935647,59767,54077,"(.[}F2","2061-06-28 03:31:12",-28607,-0.17874448
25440,316594063,16246449395625874501,8229,9072,"*MYLw>","2096-05-16 01:02:49",-29072,-5.521458e30
38602,3855096681,3968595151175463053,18624,25078,"j+","2003-01-24 17:06:17",29267,-309169460000
60800,55321594,4107652466383001271,59636,57625,"=[$BTLs`","1983-10-16 10:45:06",-26255,1578437.8
61073,2129488645,9279061259095083449,3102,64644,"","2070-08-11 20:57:27",13674,-7.8912283e-26
45276,2817695225,7195454365690849418,43231,10430,"]Hp3QA$","2005-01-28 14:42:14",20183,1.4448449e-8
37316,387307943,12496686539514127183,31225,51365,"[nMueAiD4","2039-08-05 06:17:09",-4302,1.752387e-17
36281,4101278851,18156882828628938019,55479,50215,"G""%o{-:","2020-11-22 11:31:02",4873,1.0234265e-31
33160,1857697653,18158187358747524272,29840,39836,"I{_","2006-11-22 08:09:04",-25131,-3.441396e-16
10171,1487863245,2187442623802061023,29247,30794,"` ``q+x#L","2009-06-24 20:42:05",-7983,-3.3724224e37
54464,584605040,465863743526074374,35418,64896,">kn,8TsY","2003-03-07 23:36:23",8519,0.006082898
19791,2275710715,17204387448735069586,11287,25765," ES5<K","2059-03-29 20:57:38",-22710,2.1251577e22
35068,2976127320,72135293746222307,701,52972,"O]:eE~FX6","2049-06-02 17:25:57",13239,13043091
56171,70940533,16780788384160147291,39738,29386,"(","2081-07-05 06:54:35",13259,-1.2725889e-35
59684,404068800,9315850371324402550,15474,25949,")fO$;\kF(","2057-03-03 12:46:02",-30203,561598240000000000000
54620,732721029,8564274448180450032,22525,54053,"%FY","1996-11-21 21:36:23",21765,-1610.8475
32796,588193660,746782372831250674,21935,5477,"5s","2038-01-22 18:14:47",31349,4.1085253e-36
52436,2516726478,3685126756448578184,7440,63248,"}bT4@=","2003-03-15 05:02:26",-156,1.1161429e-24
26733,2733640718,1603514248976963740,32134,41560,"c1S/","2035-09-05 22:11:59",17792,1.0294241e-19
1896,163407730,9012297719093816226,17809,56647,"I@O_r(","2092-01-20 00:42:32",7569,-2.158543e-24
24862,232731828,9045502226310765484,16412,52089,"QFhgu-:","2002-10-16 22:35:33",26343,30128.922
34502,623521813,1915073664914760069,9842,54324,"WYF^r","2003-03-16 01:53:42",-11729,nan
20855,836662573,9219770138220627577,9959,27858,"F","1997-04-25 16:16:22",13357,3.1404003e34
48350,2777283654,11226871196837803742,5925,5691,"MHiR","1987-03-06 03:13:37",10691,-7.2392667e-22
26208,3180283231,14288550395192536149,59557,28686,"?p7|7","2001-11-05 06:48:39",-30607,-1.6660477e-9
40203,4044795061,9263718978905107644,9564,13262,"i1-^|","2034-02-28 15:41:30",22307,6.24964e37
15185,1384233833,15219598732035085402,11934,57269,";V","2040-03-28 18:55:43",-23278,2.2669005e-37
16949,364598126,9045636165196840676,27734,2139,"0;9l]0t3fi","1995-10-29 08:40:02",5286,-748945000000
56740,3786769880,5533738562198456126,23385,2746,"","2095-09-14 01:27:55",-13211,-1.7918775e22
13066,3008669722,11231107245702774188,4387,41498,"7QZOi&Nf","1995-02-08 06:58:57",23033,-1.3041275e-27
5497,3220655989,10385609282419827501,63970,37216,"\q|Uj?>{V","2101-01-30 09:30:55",26522,-190144400000000000
33354,3326213688,10808573747893715935,27527,8987,"h","1993-01-23 20:34:52",20215,2.3989784e26
18008,2355618456,18205707563837604842,55995,11507,"D^{","2090-08-28 18:53:51",5623,-4.9065903e31
26035,2122655409,4786822022144872258,3870,64929,"e&Y%[&W","1990-03-12 00:37:14",-5528,-1.773563e-35
39065,287018655,4247102477109111757,30592,29590,"1","2033-09-19 05:08:23",24919,2.012695e-16
16261,934913046,1250262215087418401,35371,40429,"","2090-11-01 11:19:19",2363,1.6827575e-23
27653,3357226519,3966935558290529619,10406,49339,"","2029-06-03 07:44:35",30718,-6.2232634e-19
64052,4068241397,16097743056266290560,36443,3362,"'~v","2006-10-05 23:00:11",12856,-10843876
21034,3025057445,6866218731252064425,47800,47216,"kLy4""W&D","2075-08-09 09:19:08",2060,2.2293153e-7
39787,1572770222,4336648123037113239,24315,1218,"3","2053-11-18 05:22:10",11374,41830190000
44990,2367597771,7186690905190400225,32183,27327,"L]Xe97fD|/","2039-05-17 21:14:04",-31469,2.4160395e-8
29389,1415914352,4048538151607026595,6793,21666,"fn0&n`h","1993-08-12 07:37:59",30691,1.4467453
8018,3535844436,9220506331021756292,7424,50893,"2gNC?g","1985-10-23 06:51:39",22505,64905030000000
51692,3007201906,13437991607649884639,50274,41787,"`xlc3b{L","2017-10-20 08:04:59",-21034,0.00001970385
59834,4004036026,3958921708056884789,18681,31070,"!Iq'n3","2088-11-04 01:29:10",6121,2.6879734e-37
62010,1112347025,11593881470477914143,13646,51945,"+b'BZwX","2049-03-09 11:36:52",14088,-4.0020832e29
61791,3486759223,9610791019055533719,18921,47715,"xDBU9DS-,,","2049-12-20 20:17:38",27017,1060947200000
48767,3254580699,5104003634614883691,29683,32465,"3}]","2100-03-13 04:21:00",13427,-5.6365677e-9
57720,2554560798,12619001905929357567,21088,422,"8*Cdk>*","1987-07-21 13:42:28",-8491,2.1934265e32
51913,3333998758,8450029366757659618,40717,60408,"J1HgUmV","1997-07-15 01:14:47",-30681,-1.5215015e-35
63174,2391247503,14043096223924910455,15359,39186,"","1981-05-21 19:19:07",15812,-4.354662e36
23897,903499780,7679314656112873263,42111,16158,"w4.4:V","2034-06-01 16:18:14",-7277,-30.012945
54397,611966101,14544908051888866254,22593,20407,"Ct$7J&^\","2042-05-28 00:53:54",-10037,1.9506761e33
46389,3131780472,7934613464186467477,47352,37775,"[H&.?_^3","2033-12-23 07:41:03",7619,6267382000000000
51452,3770270436,17587247983843616925,17294,52661,"M","2010-07-29 20:36:44",-5912,-2.598858e-28
8424,3841266204,13217885533381642868,487,21644,"","2058-11-01 00:45:46",18683,-1.0497386e38
304,2530110799,9906758277452503825,703,62108,"]GX]tN6GtV","2074-11-24 03:31:28",14284,-9.2050876e30
5114,3396744950,15420089484843740285,50158,1458,"-TlFq8<eoW","2017-10-19 09:07:02",31012,3.1445905e32
34129,3784295856,10097427360554283517,29345,4157,"","1991-09-29 10:56:22",3114,1.2720211e-15
14445,1213829090,10579157393467705317,34647,41900,"R6LT","2076-11-12 23:28:04",-739,2.2236e-17
46775,3843245661,10613365595323473089,64449,39742,"6$~9]@WL","2027-12-30 08:38:13",20555,-1064968600000
57405,3446858233,974129286874686308,53285,61199,"_Sn","2029-12-20 05:01:07",5368,3.665681e29
64376,2215446293,10394165830470744951,1820,48192,"H1T_a","2068-01-15 20:29:04",23116,1.0295396e32
28318,2342863634,5547866947623972373,37518,54655,"uk!%fLa","2082-03-09 19:32:49",-7245,-7.7163283e31
37281,1400533955,3778567763594321382,16599,61325,"i9@P[","1979-01-02 05:31:04",-19329,1818462500000000000
2810,3033499655,17060072937454077138,63822,64452,"TcQ2(9!.xN","2000-09-22 16:20:16",246,-2.7396076e-26
35159,128380383,1991370446075509722,53005,33592,"zru9]w2!","1971-10-24 17:06:25",-7990,13297115000
22918,1016802197,1296818021246348457,62989,27662,"o","2099-10-30 12:07:23",9778,-3.9483853e37
52934,697030236,4180302819154672045,22250,11085,"Z-*X\","2096-07-24 23:06:17",3487,-1.872873e22
8539,1614794068,14314175550799966464,52838,47807,"","2091-05-11 19:32:32",-13009,6.593667e-31
26457,3524735803,5198826666896913308,24079,10047,"Y#a26qK3I","2088-10-12 21:44:08",-8083,-4.6334784e-33
61773,1704024778,10510435245455866699,28206,63540,"t,(&i","2054-12-05 23:56:52",-8199,11538734000
61634,3657185659,9911369028834592543,60412,30727,"Vli","2013-12-03 07:30:15",-18789,-1.5663634e-28
38856,2423517171,4273550024951728549,44735,16742,"@","2004-08-13 13:40:07",11144,5.4484314e-16
56866,504191443,11407667029928833373,44694,58000,"O\E%D>VD","1998-08-01 11:35:36",-22610,-4081571800
42298,751613792,3717435528021300235,15546,6587,"7h""Cd","2016-06-16 21:26:33",28942,1.2162539e-36
54087,1558085339,3132899507765971248,30286,55036,""",JM3L","2048-05-29 22:51:20",11774,-1.23123435e-20
18400,2136356503,12790765677019566274,51500,51305,"{*T8Y","2075-07-15 13:04:51",-20005,-6256.342
24058,2309701167,13326412054597484057,7134,33285,",4","2071-03-09 06:18:37",10256,-1.42843645e-11
19393,637036728,581718226186550075,3976,58299,"{i3YSy4","2086-07-29 08:54:19",871,1.7542255e-22
15051,3245845315,11314195449067822999,34749,61042,"^S","1974-05-20 01:08:07",-24998,-1.1657096e-34
54131,2423221345,15944278213164807205,38232,2287,"","2050-03-17 01:34:23",-1916,-5.0268574e-20
4423,3664618141,8451123148573272534,33513,15755,"<","1979-05-11 15:10:38",-27928,1795154.8
63838,4151928872,15401817219754298416,12358,55824,"=-G4&jH","2039-02-20 10:07:12",11605,-2.3835663e-37
6047,4247451696,1200185417075532928,57150,33992,"PYgt^z","2017-05-13 09:13:19",23844,9.831841e29
46217,1312471321,6496224464906559039,60183,59651,"","2043-01-31 15:20:00",-26079,262000180000
33763,3242200928,10364761952429926644,14162,17091,"q-.V,aP","2032-12-16 07:20:59",8248,18.742609
60938,3749116105,16925549533715681248,33967,41886,"`<A","2041-02-09 22:00:37",-7787,2.195898e30
47675,3127048185,9367788603447980967,32517,28228,"q","2006-01-11 09:06:29",-16238,-2.6057683e-7
25486,667268485,15530805775898810879,3428,46492,"*","2001-11-04 17:23:57",-5781,-0.0037026699
8886,3221331172,15194092301010530159,41110,52407,"_+(Z>XCap!","2035-06-22 02:37:41",-28662,-3.258956e-30
50529,3545748071,15669272742267310240,48453,11586,":^} Wy\3i8","2006-03-26 10:48:45",-28032,7.1794576e-29
59568,2961277976,15395100836864019264,40720,42366,"w;*+","1990-11-09 05:13:01",12129,nan
41751,1194255827,16370275065202125247,48135,29353,"@hmBK\%z","2096-06-06 22:38:57",7371,-88607670000000000000
57942,1998977940,17307617919776249740,38526,52597,"D!m>%Ik","2064-02-13 18:23:20",14884,-1.7854664e21
34529,3764103670,3961495276203928121,62930,50203,"2eD#9/V`","2074-10-09 10:40:21",-31491,3.8251816e-26
64434,1104016212,12042878320633513517,20135,43910,"%","2063-09-24 23:43:08",-11056,1.1766353e28
51902,1366213134,8585259345252711965,19236,43859,"?*o","2093-01-03 01:03:21",-32681,-15480614000000000
15905,3989590759,4609258166840549841,58805,37160,"bh""_%","2027-04-18 11:17:34",29398,5.1200536e26
51039,356561396,12583316840209320644,42304,43143,"!$yN","2020-03-28 04:20:39",-26545,-1.1756338e-17
11518,1328713475,4541529638393956670,33000,65328,"WR$U","2061-02-18 01:00:28",-5486,1070593930000
42727,2010315792,10442854211377304320,26140,16491,"4;1j","2070-06-09 18:03:09",27576,-183768.31
58084,2491240945,8460143258659067156,50121,12357,"?K1","2003-09-02 21:18:47",-1063,-125822.07
60278,2528606667,4208562914093312190,43427,3736,"YY'","1972-10-10 10:49:06",4170,9.845925e-25
37168,4233427258,11476099015245946497,13300,45169,"Ug,{I","2090-08-19 19:50:50",10610,-6.3900054e-19
7462,1839628720,2164513624014185962,42308,21012,"jf?Au^2Lq","2067-03-25 20:18:24",-23319,-8.002937e-15
22172,2246975474,15630212901112371651,4420,8769,"HdGU","1982-08-30 22:58:39",-31540,-0.15479971
54202,1703475785,9812317587914539893,42468,64070,"S3qtR^*@Rm","2048-12-10 05:05:13",24997,-1761704300000000
21135,2895363759,7055974592933826037,55312,52542,"RR)7r{Z","2054-11-17 20:39:56",-13043,-1.1480313e21
12161,439525576,16541890275242103447,60221,42835,"d9","2071-10-07 13:50:45",26815,-4.9411632e27
44069,2681162506,6305572376119876980,5849,6988,"b:Jxxlu E=","2038-11-29 00:56:20",11846,5.7593465e-34
28658,3599334141,2025209052601555756,1754,31871,"","2030-05-31 06:39:45",10802,1.5237466e32
34898,216091051,11957785635503418111,15108,25186,"TwS","2039-06-30 11:34:32",-21463,6.480301e-8
16056,358145757,2306782012993909154,63416,36080,"~X[","1990-03-15 06:40:22",-24664,-3878140200000000
14084,3667550572,14391355061820353821,17280,43508,"qa","2035-03-14 04:47:45",14304,4.4097647e-12
38913,2532240679,14145455065117567255,36714,51950,"","2069-10-02 21:04:54",-2725,-2.1577805e-31
16443,4226188681,9041306915710675996,24277,22247,"Bd]W'y","2065-01-12 20:55:54",16604,-282794010000000000
61258,3159426283,3823902326560466639,57422,36018,"Aw\","2056-01-19 00:47:56",-29965,3.3245052e35
11066,1447324400,6252643955859860446,38560,53885,"@,^Nb&pw;","2098-12-01 04:34:33",25221,-2.1343723e-8
34352,356792510,12632555383155254417,45907,26407,"","2008-06-02 23:58:32",2506,-3.757197e29
14104,1533274145,11213528944355147817,41239,15885,"s :UP]","1972-06-25 11:26:54",4829,2.1759318e25
34594,2983127744,17769566118093622807,41320,50060,"zG?&X","2025-01-31 23:36:59",-4165,2.0721808e-38
60727,1067590393,7224180303658763621,46616,51055,"p<'P_&","2022-03-14 19:20:04",-22166,-5.0179633e-8
10253,600784327,17154470013475236068,9026,9413,"7mT","2027-11-13 13:36:41",17572,3.6230738e-13
41206,2335939773,6056211209856649867,47451,27359,"lRo","1976-06-30 07:29:15",-22457,-62467405000000
24308,3880301960,658437686141014282,5270,24453,"Q-y[","2007-08-02 18:32:06",-21172,-2.876571e-23
20642,3039063058,1896770490070664421,36316,33560,"tF9!r;c=","2040-03-15 12:37:09",10187,-7704825500000000000
65505,1660898905,10639724633662971271,45007,22054,"r.$*ZGuLYQ","1998-05-23 12:17:24",7693,-4463.2964
3717,2606366823,929858373801522201,39887,63318,"","2068-12-26 03:17:34",28553,0.02636114
42858,3413800091,14344983339939800126,37812,42066,"-[b~}","2058-08-27 10:04:20",27409,5.5804804e28
36225,1252531398,16613813472183409401,64264,26191,">CF/MEC=~","2014-06-17 03:16:18",2651,-386484450000000000
48307,1944422232,8601553962288410411,2239,63447,"","2038-06-11 15:08:29",29453,4.5988366e-14
3575,2000902663,12810170451693706185,54573,20299,"""*LzhqKIW","1994-01-06 08:13:09",6016,4.056507e-39
63338,2256621219,6043018295071414034,26537,33594,"!-B_i~$","2039-10-15 09:59:16",-19633,-1.2533832e36
32,2035662534,14549117231443556138,60293,15130,"8 #","1988-02-15 07:52:44",18391,-1.6593457e27
20141,2216980540,6802157701537952529,30690,20617,":]<BD'","2072-03-10 13:56:10",31649,48.74422
63099,4031594659,5908784804189748319,17267,47176,"}8uI~n","2040-10-15 08:52:22",32627,-3.5855481e-7
58760,3630045486,14648400319129697394,34855,28406,"6l{ZPQ2e6","2085-01-04 13:38:29",-23627,-3.004319e-13
36776,1472073854,13987523505138170978,51822,52855,"","2051-03-10 09:24:20",-3328,1.425572e-18
62975,26053234,17637437886450377506,25528,25560,"-v8NbJ_;Yu","2047-11-03 07:15:54",25114,13754201000000000
35573,501996981,1908741894516877260,6720,24858,"X9el<","2060-02-21 11:41:23",-17671,32886.78
12487,3260636121,4053192161780905882,18751,11446,"6ydzV)(-0","2070-04-26 06:19:25",-24762,114152650000000000000
2719,3678298974,5630671757370638126,13386,17898,".UlXO1","2015-12-24 09:42:20",15863,9.390251e-18
31137,4160831110,8380228769648190548,46826,56356,"`L[+a""<ALo","2074-02-12 08:13:19",22601,83574440000
8715,427349030,12230025346027775879,40925,29993,"6vM,:?R[!","2055-05-21 20:55:20",22697,1.4924268e-15
5367,2703860670,10548049625694704800,7250,34245,"mf1tJ9w,X","2053-02-23 00:40:23",-17711,-6.0826247e27
27552,3653611646,1481619958391328967,38998,43154,"J","2030-05-15 03:41:02",-31975,-7.72922e37
53988,2284113543,10572747035023425770,52294,9860,"2y","1980-10-03 19:55:03",-11383,9.9071904e-8
25883,47183579,6343048822811292673,31370,13429,"m~O!pr","2064-02-06 03:44:51",9399,-5.842613e-37
47815,4031408375,10739696596028181358,2207,36084,"<0x2,t","1997-09-21 14:50:46",32717,1.5459727e-30
65452,365898143,880135913069336085,31113,38111,"4\vZrg","1995-06-20 07:33:42",-18928,726726300000000000
16812,3527593215,15141727658686994555,12761,10280,"@mSF=A R=","2068-11-24 08:44:15",565,8.570494e-33
36885,1221483862,840952504667349435,2923,1441,"","2026-07-08 00:53:52",14707,5.019271e-37
24061,153877456,4241860587296634639,25772,38058,"R(x`Q^G Xb","1992-11-18 21:29:42",6104,-2949454.5
3213,1516454694,11523809832653717577,62959,56877,"'C","1978-10-14 20:58:51",-28962,-77680.2
992,2824272997,525618631506965567,51507,43914,"A~@!","2053-04-11 21:22:05",-3712,-138780930000000000
34992,3199506715,15355478168377559418,36235,13486,"ue|oztW!%s","2097-04-14 23:34:17",10050,-3.6286512e-38
40310,3500208765,12486786757342342109,27807,59113," R=1'}A","1975-08-26 21:59:49",11004,5.1215834e-15
18607,22750625,3429699589694577773,51220,36575,"x""WN/G=av","2050-08-21 04:46:59",-10330,3132744200
2978,2229516144,16827264360250975932,23486,13289,"RP+L{.Re3i","2018-01-28 07:57:27",16330,9.407246e31
1942,1314189993,13111660924089545973,25131,22766,"k~QN","2069-09-14 14:51:22",10853,-1735049800000000000
57705,3685933603,14538384936327241255,28874,60522,"P<|sX","2077-08-17 18:46:42",-4189,1.430469e-14
4881,2373935553,13524707965773727715,8603,32290,"HWVLx2X","1989-04-01 03:14:35",-24684,3.9291626e-10
57880,189515503,3912677092477956406,41023,17017,":Wt?}","2005-07-11 07:34:41",-18552,27372990000000000000
49564,796577756,3384409759940322808,54444,36921,"HQwsZ","1986-06-12 22:49:57",-29795,-9403.139
38791,621287645,7150986843609736303,53603,57256,"?Pk","2069-12-07 09:02:57",6868,2.6879694e22
42672,1891486970,962046424396709705,7420,44633,"F'E~.@o@","2034-10-13 11:23:19",-31823,2.1612324e34
44466,2592307912,6865400726781368310,36250,44335,"","1980-10-16 16:37:40",-1129,5.1857747e27
19551,3088130114,12360983798605652533,41277,51630,"%3","2073-02-22 01:51:27",-13848,-23464381000000000
33185,374858350,17651004529697763731,21453,3607,"]","2093-08-14 00:51:13",16920,2.6698599e32
21156,4145864861,11887110428207705185,58136,10906,"","2053-09-09 18:36:02",14359,-5.893097e25
28976,1846501475,2900545501863304608,7147,37384,"NUIkH","1973-11-02 23:22:21",-4823,688378050
5582,1451607375,10420645685561040594,46711,19312,"","2041-12-27 18:35:18",-846,-1.6182261e-14
55634,1818628032,17207565278578011155,36643,20834,"Q*W""<_pOUF","2046-05-29 22:15:19",-2784,-1.2830113e-24
35373,1955392778,1323944900520067712,56013,3194,"DS:G7h{:V","2046-01-26 17:33:47",-16286,8.0891895e-18
63069,1053048200,15169342369632649307,38446,30717,"_e:0aAd","2093-12-11 07:58:40",-7186,-3.2235418e-21
52492,3920331472,1253209234723278907,3296,9965,"c-U","2005-08-25 06:40:36",26275,5.4384204e23
36779,3035659926,18043939554069329499,60384,32559,"^I""","2068-01-15 06:45:35",-13369,9.4408324e-32
58275,2142565221,7544625100431336372,7917,55481,"u1PV9:2","1973-05-31 19:07:31",-2137,-17655168
19644,3852715383,12637403655353914936,1884,61497,"7%M7","2069-08-09 16:50:53",-20021,2.099694e30
32343,3982356385,2924957589201307021,43045,51380,"=3eL&8_so","1992-02-01 09:58:04",26885,5377563000000000
32258,45527114,10297756328964662543,12987,17685,"aHlz<'H","2059-05-21 13:57:32",-21168,6.898047e-17
10066,1311741603,11981933877584745978,57905,59064,"+x?JV","2056-02-13 00:29:58",-3022,5.0280787e21
41987,3251314747,9183221412097830682,36971,27253,"Vg<","2057-05-09 21:25:44",-28414,4.5449515e-28
43048,3086519388,10728957422636287452,64531,2172,"@n\a|*Ii""","2082-04-24 02:51:59",-6997,-1.5257562e38
36153,3420291929,9829605331878150528,44719,34380,"","2085-07-08 23:41:20",902,-3.6760165e-24
18605,4251530529,12259378425669601047,63944,21931,"}O","2005-12-06 23:34:03",-8900,1.4318176e37
50672,1065168159,2977271500056901326,48323,30784,">N1%[h$h[","2095-03-18 08:22:26",-13641,1.3111378e-27
36637,711845040,17668013176835824982,9541,14602,"TP!2]AoL","2053-06-19 21:41:22",32223,-2.7976326e-19
1694,4418046,14478180927779992387,16480,12830,"a","2088-04-30 21:43:56",1127,-2.438061e33
54633,3494513531,6182171706891002848,6657,43359,"","2044-03-29 18:54:48",21687,1.582774e-38
64886,325893746,15028541340653776634,41807,24457,"+iO3","2072-09-17 17:09:20",-13328,-14686523000000000
39427,345225833,5815969523957626181,40399,22340,"@a\","2039-08-14 21:23:23",23389,-48.107395
8432,1682386978,1124115140040563617,22646,64295,"","2060-02-27 18:03:22",-12604,2.1546068e31
30929,4245230175,4791646772213728714,52192,13963,"{i9IYxW`-]","2023-12-08 19:32:11",-31801,3.5753447e21
794,3323784063,9383139055620459419,37739,2459,"x","2062-11-06 04:31:45",18826,1.4444481e-15
195,1515016823,6935954756784103721,40022,52006,"2q?&3","2076-07-03 03:36:38",23692,1103082500
19407,732625051,13089929077674640614,61501,14647,"B36","1998-09-10 16:54:40",-4093,-3.0048148e-30
35220,3711689644,5609505860107440075,58885,22557,"2J|^","2028-10-24 08:18:01",1619,-18821709000000
35679,3623489764,2365742521189029848,46971,27743,"n\Ru7#","1973-05-15 20:25:01",20279,-984699970
43192,317653597,3199120054738845745,20616,28740,"bn&3","2015-06-17 09:38:52",-152,1372840700000000
63586,641260377,6761021077399784652,23917,23388,"iy8f@kc","2090-08-11 16:36:15",17478,-1.687007e-21
51012,2522416895,16143118875826360420,17370,30009,"3.KA'","2007-04-04 14:10:41",-6131,-6.543507e-7
1627,1333148743,2757640068598228574,54361,6264,"&","2004-10-05 15:36:15",-29835,-2.082206e-16
48272,3384892646,957597630001562680,4524,16754,"/'C*D","2004-10-22 00:05:02",-17288,-9.1060506e-15
32007,2727318614,10698670921741508135,17794,59876,"Tf_P4Z","1972-08-01 05:41:30",3157,-16578203
48295,3451012604,6883488462958281115,34943,58140,"/1Ns$w","2066-02-25 09:52:38",32607,-6.524614e26
48199,1673647251,4764705154793515181,46068,44100,";QW$","2058-03-24 15:15:10",-30571,-6.2305435e31
46992,2048852915,9559778227382622874,25436,21564,"","2062-07-02 05:20:03",12333,1.2819382e38
8695,3522698535,6575779431549475081,14908,38274,"U;KsIq%s%","1999-07-22 21:43:19",-24122,-0.007342404
24675,1787297758,18290699048430210240,1766,8154,"J`u&Fxn;u","1974-08-27 13:31:10",-8573,-8.5074036e-30
36718,2529885520,15312896758869627474,40053,29664,"I907iUxm","2048-01-07 15:35:47",-18167,-6.6139005e-24
25991,406475041,15725365101836178262,17477,39892,"R5","1973-05-25 03:20:59",7435,5.784679e25
65388,794271497,10321497922036891611,18714,24954,"e7U&Owi)#","2050-07-21 19:40:02",2114,-7.625635e-23
6743,1691886743,12848393229751040071,30344,25907,"_uju4.Gg","1978-06-13 12:28:58",-19778,-8.483655e-14
20415,3613928046,8019955657672576209,2833,31748,"","2050-01-11 13:41:05",26511,588.05493
42372,218872490,3721188577802862544,5234,60604,"U9(?E+1M","2023-04-22 17:05:25",10005,-5.3924477e-30
39177,1145848967,17606345087703108026,36761,42985,"h?*X*4b,'","2013-03-06 16:12:22",27610,6.4924227e-22
63694,2094237783,3017640181444065353,63948,27584,">b","2031-10-30 08:53:51",-7995,-1.5569546e-7
43327,3179321325,4642611518952748921,5848,34905,"A","1991-04-03 01:08:35",-11320,27.765667
64141,1058953275,17890100217744239062,48637,64482,"&[BQO>\","1978-12-11 15:14:19",22162,-1.5221366e21
33205,960698528,6669071591955425241,2887,65043,"9@,<#1'&""","2063-01-15 19:04:49",15656,79303150
49855,2451947053,12539715552047285709,46050,64811,"i","1995-04-06 00:42:46",31182,-0.000029676941
6671,3980730856,12266053613955128874,53272,11161,"3","2076-08-28 00:27:09",27593,269702.1
1747,4005358679,8651635297422965231,10105,50981,"RM5>PvF","1988-12-26 00:37:42",-22272,-8.320872e-10
54279,4127354518,11456119144954054381,33959,40075,"uWoC=a>Reo","1974-12-10 08:56:23",-1543,-2.7400929e-11
20728,1591137025,1688799882583439544,56762,13465,"","1980-12-12 05:40:41",-11947,7.617293e-20
22150,1268113950,8759999549563523717,19946,13320,"FoK#","1989-10-15 15:16:44",31815,1.2777288e-19
23656,3047625851,17648383869792050568,47725,27129,"L*v)-y{wU<","2102-07-14 08:08:57",7166,-1.7955109e21
36269,2203350568,12560126201973865066,49425,369,"*N`","2012-07-23 13:09:21",-6851,-2.9376664e-37
3536,21423658,6995109184365327125,57586,49608,"L.Q%g","2059-09-16 11:52:53",881,-0.000037901067
25959,3397539851,10132380730798547679,55166,41168,"1})`a","2092-11-24 15:55:48",-17286,8.2576446e-35
23195,2050391821,12517493148477177819,11204,7266,"G*KcW","2052-12-18 02:26:50",-25711,3856587500000000
16054,1475977642,6413866143386797456,48431,22674,"[qgfSbv","1982-09-09 23:56:49",-13519,1.3165031e38
7738,2798470715,13219476610537312014,31789,1523,"","2062-03-14 14:34:23",-16617,1284747700000
36109,1898460395,7622796433988846584,31612,60387,"}y7MLc,a","1980-09-14 06:26:03",25993,8.316178e-31
56813,1815252181,5155188765835670378,13030,29867,"+{&-S|v[lB","2046-11-03 09:04:42",25918,5.4122747e23
14721,2141818437,2341198999705853827,60972,8062,"])UNT1","1983-09-28 01:06:58",24587,-1.4143218e22
49114,1508132570,2158102855222393715,2724,854,"","2085-02-06 13:28:26",13305,0.0004505374
61220,3998636028,13908543561739761538,22692,42959,"xnOw4;$","2050-08-04 23:51:49",18870,-3.748159e-26
18686,2576198955,12640781946761447147,43364,40669,"<b","2092-11-06 20:05:49",28777,-2.6114218e23
39506,3714894265,12871265635401926791,31159,377,"CE^2:","2015-11-06 22:37:49",-16119,1.06400274e30
61854,1426140635,1480047931749862166,9956,23563,"","2014-11-01 00:53:20",4896,-285.55817
46575,427201993,18441681704925902711,30627,55867,"eW[Cuy","1994-10-06 23:56:15",5199,4.2772014e21
31467,2044896280,2932971135645909260,21854,6314,"A=VvRbcXz9","2072-03-23 01:50:10",27510,-3.1630524e-24
31321,3424014118,18268351176336013807,49229,36864,"YI8t","2044-09-14 19:05:32",-2983,-5.58272e24
16283,969668647,5340636053541433610,5980,8082,"_ 3`B.HU1","2005-02-04 08:12:27",7012,-4.4205995e-36
28630,2992127738,16749895418438189876,19692,44148,"9","2000-06-02 16:23:30",-21770,2.7942235e-8
3859,3030133874,14349946211539608476,6298,6644,"|J","1993-02-18 17:27:31",15947,-2.6144444e24
26834,2901191628,1077197363706463334,41606,4340,"pyF","2063-11-06 10:37:07",32400,-6.637057e-16
55857,123674892,16311938567403131138,16127,56388,"W;rD7","2034-05-18 02:41:31",-21934,-3.7874088e27
7803,3555485016,11775081329015149168,30101,7082,"9`Sr%s.R","2038-10-03 22:25:15",31799,-0.0000013148026
64650,2161314749,16833102048014583814,49425,11572,"7F-","1972-08-10 10:16:29",-7945,-4.9124688e-30
36703,1451126560,11015107435486012319,65430,50293,"jeGo]%%j","1973-09-22 02:16:48",21213,4.3730453e-35
19984,375265514,2310682846907898178,43710,65346,"XV+/","1983-04-22 12:37:18",-13513,-6.340835e37
20383,1778204063,696637150203149097,63620,42991,"Vb>","2027-08-08 16:51:17",-12274,2.6317096e-11
10021,542542222,5416604960742769184,43653,56393,"jiv","2065-10-08 23:26:42",1449,3.154632e31
37277,4058140414,8531567694577700989,14977,58331," I","2043-01-05 19:05:16",25351,-2.8269298e35
22698,3150631298,476855532411148984,30192,39467,"eduUvxtA","1995-03-23 04:38:23",8649,1888782900000000
39307,3701137165,12876682770735252326,10089,34977,"6fCaZ","2089-03-21 20:33:36",-28918,35309.77
36046,4158465866,9230820148977288070,37706,55833,"""qC","2019-01-14 19:32:05",-9017,1.429953e34
50920,3018206982,2077931957227013108,36980,15576,"GOT","2081-06-16 04:01:12",10831,43911370
44604,2607953839,12249772361067863563,32960,2311,">k>NcVg","2039-01-08 22:17:36",-16995,-0.00008280934
2115,1847023172,17275351656292813918,57210,18401,"]H]*|1k","2093-08-05 23:34:27",26964,-1246437.6
45191,291520581,16634740027952577759,22237,53385,"vr+[NDw","1986-04-29 23:35:39",27397,-5.275175e-18
16491,1784592104,8350903375892560113,37299,58505,"Gy","2091-01-31 23:53:15",27287,0.005866559
15255,1366035379,16097111173255965629,50028,56650,"a2i","2105-01-03 10:28:02",31805,-2.4714814e-28
29607,3099212747,12585436353687667543,52047,49433,"l3N4J6Lz`R","2066-12-08 15:05:02",-14358,1.931645e-23
41062,3977234518,1491073415865910376,52429,10420,"","1996-03-29 05:50:06",-2268,4.5087886
23965,3266019409,8450825719636248880,54004,31789,"1T^","2064-02-08 14:07:13",-11289,3.8603462e28
55280,3109089450,7074657078962459237,28201,34993,"xf*","2058-04-18 16:15:50",-4022,-8.6009857e-7
62321,2403982357,578527861274219903,3689,48257,"ytak</d","2002-01-09 16:54:03",-6469,0.000051765564
61690,2757925122,3128251032075273467,37976,20771,"|","2042-01-03 22:22:28",-11533,1.687217e-24
42988,29373549,13579700454000431574,14859,57340,"],","1995-05-24 01:35:08",4023,-1.5223021e31
36876,27105643,6246239709621490163,61830,45308,"s*Ov3'<+","1973-02-02 10:19:03",-26866,2.0969969e-23
39055,2160179011,9508309633540901369,36188,38114,"b0ed$","1971-03-11 14:45:50",-14392,-5922326600000000
60678,3613117725,17105616308324804454,13689,39059,"FkU3""v(j^","2083-04-18 15:22:41",-8962,-6.5397605e25
51803,1724175273,12092660134054867904,20122,11158,"[]+jBA","2075-10-29 17:19:50",5649,3.7442355e-15
26481,909004714,1355161769471130080,51031,64222,"|?~F","2058-01-12 18:19:08",21291,-154788180000000000
23753,3198619229,3896472490926002398,17142,36957,"7","2092-07-18 11:01:50",-24580,710914800000000000000
37909,562100590,11342905668317321596,56677,37765,"/""A","2007-10-02 02:46:48",-2598,2.559891e38
3210,3944631682,7972362513915847,64053,28692,"y","1975-11-13 17:17:32",7502,-1294.2014
40655,3080951875,610861725247216162,7960,43798,"`$b","1996-08-15 14:43:17",20953,-2.0772431e-13
40124,1172495010,6096446419674574535,47706,13902,"","2023-06-23 06:34:04",-13841,-29043624000000
7092,3562068351,6322270286652993417,41453,41177,"OK88","1978-05-15 21:31:16",-3852,1.5033064e-16
64411,1637628746,8167974140029646232,9751,63868,".zs7","2077-02-01 07:17:26",8606,1.0023306e-29
51829,402119631,13298386228481800542,25796,19326,",4F","2017-12-30 21:14:11",-22849,127907.22
32277,4033331995,6614340553424407795,28903,51056,"i","1991-03-11 21:28:19",7161,-0.24587125
48368,3074500513,17927156604439523490,46862,9241,"","2049-05-22 00:00:35",-26049,533521920000000000000
55322,2330422220,8527532339237412665,43907,2944,"##)a|J","1986-08-16 12:17:33",17960,5.291203e34
57378,2292481904,8598110599360667813,47068,32213,"kh","2074-05-21 01:29:00",-1713,3.6108216e-29
55928,3752787338,17875096819688942448,40029,1027,"!wKPrP","2044-01-25 02:47:25",-31328,-1.6797402e-27
49732,1784844332,12208064377407404926,24438,53914,"GJLJ[VRN","2078-01-23 02:29:35",-13366,8928704
63313,3707610417,14295073431033879209,32419,30433,"(9L5#Q|S","2069-03-22 04:15:12",-12379,-0.000025223562
64689,4084227627,6987261446743722113,19445,7415,"i1pOY2Z*","2097-08-07 15:41:21",-26088,8.944438e29
64459,1154336108,6157251492714622011,34,1540,"","2033-07-13 01:31:55",-8952,nan
24188,1617203558,5623615544927406651,17407,52532,"""m:SahF(!s","1991-10-03 09:17:57",-14322,-495917500000000000000
24718,2129165718,13567802327928270603,12507,30182,"","2083-02-28 21:01:37",-18388,-4.8217276e22
13039,4269248761,7904964445444985970,45239,464,"R<gbCC","2084-09-26 20:29:26",-720,2.7844186e36
24738,3406850499,11092833857897540434,52555,34282,"&","2000-04-16 03:33:55",30099,122831380
60524,1284370194,16318763164979010729,2990,41742,"Pva;n_|JCZ","2001-12-24 06:55:52",13803,4.0682134e-29
62971,2893599687,4666673470025337440,63256,41467,"'","2097-09-07 01:26:16",-18773,2.3880115e-14
26968,3748667234,13060694116502536740,63829,53932,"!|jHXmUS","2019-09-08 19:44:28",22049,-7.7630215e-35
61052,3902947424,3262591616927184523,49530,46114,"","2080-08-27 03:21:46",2843,-6.1115184
2194,2906421459,7034725801812582736,17335,25292,"gZ27C""J0Ic","1998-07-05 08:50:28",29994,6.5536243e-13
10606,2088683163,642980925074021732,22998,25803,"n*_2|R,N*","1999-07-24 15:18:46",-6843,6.2503163e-17
51247,1647208294,15688542773443667646,39202,11645,"Qh""^c(S","2028-07-17 16:23:30",-21578,8317070000000000
20164,21987188,1633209418422749552,62783,35956,"r","1995-01-29 05:55:23",28605,-8.9583445e-27
40187,1572906372,2862886465540966975,34520,19993,"[&lJ<q{1.W","2068-08-24 20:57:01",-1555,1253483.6
56637,3472888905,2124003225414835014,51346,17095,"gjy7:`xgU3","2069-11-24 04:10:20",31446,7.348602e31
27001,4063593304,8250239194158472784,8270,57726,"LV9l","2020-04-10 00:04:03",9998,2.8767773e-19
35826,737553242,6833494764085204109,30622,58498,"yHn{zVNA","1992-10-25 04:24:37",2764,87027155000000000000
52503,3595163095,405494845867916849,60784,37743,"m2:/?","2037-05-28 10:16:43",-22283,-9.113911e-29
48284,2782571133,11832707818462826815,3057,44082,"e2? ","1992-09-01 10:11:14",-4851,8.036794e-19
64947,1178691597,6709566076212501102,52388,63629,"7;[HM=Xq","1989-10-10 11:07:07",2299,1502392600000000000
29596,1504942738,1239382324413685198,8239,38650,"H5+uw>+","2084-07-19 18:50:23",-28517,-236152030
40338,2888202487,9746911745000213402,59020,60534,"","2033-01-01 22:39:36",3663,43.305824
55977,2876452860,7568269827568840693,60308,3550,"jdo","1998-09-13 23:53:35",9430,2.524592e29
20191,1726638728,12456236908483083513,45401,58914,"ozvh^M","1997-10-15 05:50:03",-27691,499562730000000000
5036,1890344621,6615556157102700416,10346,38378,"^T_","2042-03-11 22:45:49",-27289,-8877400000000000000
21879,241977222,817082362862184775,185,65436,"U=__q","2019-11-25 05:28:00",-9350,6.3469715e-26
61075,1856892076,11897282198952893151,61175,42028,"k","2059-06-26 00:16:25",-2155,0.00020080326
62434,2801878387,13377038857031358666,51711,40355,"P","2096-03-09 10:27:02",-16727,-5.60536e34
53573,605854416,9091003977819178694,64423,52681,"q!)!u*Z(","2055-11-25 18:14:56",29688,0.000018238225
27168,886947133,12383242599849008848,14615,28463,"+;$yTT;y~","1986-12-13 05:57:19",16051,0.00018607466
33266,500393035,8372522229518116818,43630,38003,"jQ'","2056-06-19 05:30:07",-344,2025510900000
19006,361523712,14702295780326255026,27602,22657,"EE","2088-11-16 00:42:44",-9050,-8.6333487e-19
57703,1120968101,7856431549284127624,21217,41838,"q","1985-04-30 22:25:42",-2977,1.4316856e32
6956,1422977617,13646993553141354148,27869,8136,"H","2082-01-15 21:03:35",-25509,1.9673404e28
6605,2965429903,10893814290053635397,56651,30318,"6Ur?uP`","2044-05-31 12:16:49",-20559,4.4122595e28
18029,1803322951,12859895732323046623,55520,44915,"dPaw/`","2003-06-29 02:39:35",30755,2402185500
35625,2105580521,8736151093015771132,57189,31101,"","2048-01-15 15:26:23",15376,-2.8770894e27
16227,1432833317,17561846999713682809,15210,13216,"n)c.f]eI60","2056-09-09 03:09:26",31610,0.00011475931
18444,1967089270,16067585741445344205,33771,32457,"=","2095-12-20 10:23:44",17811,20157618
1077,1584247163,17514939904824809650,58331,44161,")q","1986-09-05 03:57:24",-19698,4.2673987e-22
17163,624156071,2175472198401417905,39857,12252,"'|!=y","2019-04-20 11:48:48",2390,8.680598e24
26199,2444219363,17348894657580300166,40460,55672,";;TQ]~GG)","2064-07-06 06:44:50",-22658,-1.39000225e23
9277,2707093225,806781532716096107,6761,58978,"S_;9}","2087-01-11 19:51:26",20146,-7.742997e-29
51153,2816656152,12029835559907117873,8477,32054,"MjH?mNN","1973-04-10 13:12:59",-7201,6.303831e33
40401,1350679872,13391264570495204157,23163,63313,"huu","2067-06-12 09:34:28",-5854,-3.0587636e-13
16013,1269111880,12875500885437429323,41970,52894,"","2085-02-23 09:20:04",12300,-1.9074098e-11
42069,867915964,6671241705847323329,44917,57908,"""#;{;U""6b","2006-04-06 00:00:52",7828,-3.5483162e-13
5643,3468417940,7395822731230303023,18563,37650,"M,6V","2007-11-16 13:00:26",25316,3.8637443e-34
4846,27066279,1376424199513434466,8484,27216,"&``:","2000-11-04 15:04:23",25011,-8.6405545e-27
5686,2646577417,16076311936828566201,63484,20846,"BdOz9.f","2085-10-28 04:22:15",-27340,3.7245872e35
35524,1658424077,18354817237189849759,47061,5693,"U","2098-12-05 09:01:39",-27225,6.4658525e-37
33519,3838033615,17523491070872958677,17599,64564,"<WZvyG\","1985-10-12 11:08:23",-18895,-4.2912113e-16
42622,1999436226,13373876791282318665,20265,28507,"NC/x","2005-08-23 20:15:02",-21067,-0.0011679161
57421,1642611084,13381676844232654030,31065,16327,"","2059-12-15 02:37:05",-11454,-0.8751563
37172,4147244451,6807680774580956647,42392,60976,"?$V Y3j%","2001-11-06 13:16:27",337,7606.6567
21030,3300122731,10204797114870397787,15304,46311,"","2037-03-01 08:59:23",24427,2.5376279e-20
42404,2380721771,12342236680162397224,14100,35408,"","2029-02-13 16:11:25",4824,-3.4602344e-16
5388,4171910868,8454100130599563363,26480,62796,"y5\v ","2047-11-04 14:28:47",13772,-3.3825018e-34
784,3950083314,15393498015758320397,7062,27448,"","1982-07-22 11:57:41",-31776,-2873774800000000000
60938,1621629933,9514005387754751031,46650,42761,"=7q+9uWY3","1971-12-30 18:32:50",14819,-1.4408421e33
54255,2823555979,10551596259359729561,39942,54375,"70|`8<C`","1984-11-28 15:33:39",-16001,-0.0000051424477
56815,2796524514,513231450807344221,54550,45593,"K","2085-06-12 12:33:37",-9440,133071190000000
60118,4178887123,1754183142356328833,7856,17222,"Q4Z`C6,g","2034-06-10 09:49:14",-1579,-1.6784126e-13
35242,1936433069,7185127595930553818,17559,23361,"QhS4E,O)I/","2080-05-06 13:06:08",17073,-20912.246
61173,1327993449,15165914313427220252,60786,62184,"=Egv=Q","1976-10-11 22:22:58",27006,-0.000004078581
26007,2464118035,1920953933642234991,22487,40250,"h>s.ls@_`B","2077-10-02 04:52:11",-13850,1.012638e-31
6590,643213717,18072033741340172901,13746,13101,"mHF3u","2066-10-31 22:57:20",6635,1.0510041e24
54682,162336069,7785872605943571088,18325,5787,"]Bb","1975-11-18 23:26:00",23031,-6.7441684e25
52561,770694923,379651940822066458,62283,7769,"9]Mt#oJy","2045-06-27 02:26:01",30046,-4.911961e27
17283,1380965689,13229723414814150196,13792,45578,"","2040-10-13 08:20:55",22477,1.7818632e27
57213,4291873188,14279143556760434246,49591,30043,"7F~|dak1z#","2032-01-07 01:07:20",-29604,7.287193e-35
42984,4033976541,7946873479537805943,42283,16738,"@]-@=K","2027-11-06 11:59:51",20267,6937234000000000000
6748,3153752882,6142531609437187206,33826,23065," !OY+p","2071-05-26 10:43:29",-24145,-202311450000000
20113,2655105096,16770917895609581328,3165,58290,"/w>","2071-02-22 11:42:11",-14281,-7.811663e-22
5745,3610438366,5851043708418415156,7479,1813,"DcvGaB`","2105-09-22 00:15:47",-28597,1.7844356e30
47300,909828364,13684066520018069732,40752,12436,"%im!tVv","2000-10-30 18:43:29",17884,3237323700000000000
23441,872137704,3081541194923755275,23743,47227,":'g<^SY.q","2072-01-28 03:15:50",10926,-2.6233484e22
31663,1048328404,68322692797648774,24682,22079,"B[KNl/i","2038-02-21 17:31:35",13473,5.9039726e-23
30909,3550859467,7622373145605579022,22408,50138,"NWZ(=","1980-02-16 09:36:29",-31787,-2.0724492e36
30048,469120717,17759764628158786448,31699,42525,"h","2008-06-12 17:52:14",9403,8.1405116e-38
24412,1876817397,12865499938803966415,6262,56458,"~k*r_KO","2070-06-24 02:44:51",29125,-3.2545475e28
61869,2785693801,8381009617711241484,22647,60225,"@GN","2013-11-25 16:33:13",-10598,-0.00003452498
14346,4280381302,4794819452374094501,11021,11525,"JAs /","2065-04-28 09:47:16",12331,63556260000000000000
36179,21368014,18438714531479309399,48065,29627,"0","2075-04-04 04:18:46",23155,-1.978179e-29
7716,798426311,5890059440103867997,19581,57194,"p<Q&m","1983-02-06 22:20:43",-10820,7617586400000000000
62074,2418144301,160073173072974143,18403,49460,"t31{{JLXK","2086-08-04 10:14:35",-8558,-6.857941e-22
6777,1032160850,305113058985390956,40484,9846,"B@Q0","1986-07-03 07:59:11",1336,-4.265491e36
7454,3976921529,10298674235250999639,38507,28896,"s5Xl1W@z=]","2068-12-29 15:47:51",20981,-0.00023564795
369,1251802685,15364258121845841328,23084,3980,"OS","2074-09-03 06:35:52",16437,-3.6245543e23
22991,995546930,12190988378295921659,52188,43177,"y,cV\","2028-01-25 10:09:24",10546,-9.19816e-26
4983,2792807365,1407481612841863777,41813,62700,"9|","2102-06-01 09:13:38",-1754,-147830.4
21442,2998903932,5306730429404618302,59303,64171,"rsmh?wK;","2033-03-05 12:32:06",-17091,101732024
56674,1882470228,8116332860484285663,28412,57040,"J `_L1%","2036-07-28 08:44:50",-19478,3.7448095e28
23592,593387958,1556628183426644661,21114,11763,"^!c^.aBv","2085-02-11 00:30:21",11151,3.823928e-35
10168,2305497943,6806787417119469091,9124,65109,"8O82d$L""_","2029-05-27 10:54:50",-12783,-40841322000
49588,1619461617,168106169443591872,34604,1663,",Zom b7q\","2032-12-11 11:51:46",-7803,-1.5460738e-31
35506,2233966866,8966722487651884079,23472,62061,";vnae }G","2022-04-04 20:11:11",7644,1.6141094e-28
23350,483170490,6685293457088398885,19491,43144,"OTsg_YrK|/","2059-12-30 14:48:37",29185,5.1075377e37
42599,2468612169,10783146208139145563,22967,51462,"B","2052-03-13 16:36:08",-30372,-6.4160526e34
58807,1416886469,17857482407889684701,38753,4510,"9y/G+gP~.""","2036-09-04 14:10:34",1051,12690059
61749,3209268958,5247348793735623113,32895,53419,"0/mvOcxW","2086-03-25 12:01:05",11455,-36610763000000
10378,4041309972,3804869111327168871,56927,25955,"{ux","2025-10-14 21:38:36",-22435,7.329336e33
17114,3988133557,12498578602477944339,52418,33792,"-1","2070-11-05 10:30:22",-20539,-1.6963436e29
48781,4242742723,215459581428114706,26583,12681,"[-8V0U","2041-08-26 18:14:55",-23867,-191.39928
29508,3519730735,10953570348701762032,32652,17479,"/i-',34p","2041-01-14 06:52:41",32279,5.3093643e-31
32937,171303474,12405902888582918752,55447,40457,"(?y","2087-10-23 00:31:47",-14468,-3.7621179e34
9109,3440536457,9958455520792042051,61716,35620,"@_","1997-06-22 07:47:01",-1619,1.6232591e-38
34372,1063790883,14434274283791656855,12820,26012,">","2036-05-20 23:48:47",24867,-3035376600
39905,1042330428,2812056381790819397,18320,35315,"'po|A9","1986-05-12 03:12:14",-5708,-236.74664
61143,1861465752,6591850996525288524,15097,53293,"","2006-12-26 12:26:45",-13692,-0.0000031244194
52777,227264817,13779035405327562722,7914,59774,"F""g","2023-10-07 14:12:17",18005,227521730000000000
20036,1572158273,6797780217641824586,27464,41201,"f dG5W","2065-11-24 07:33:59",861,1.7160876e28
44453,906800220,7208724605121845200,24706,5701,"","2079-12-18 19:12:57",23326,0.017711377
48217,2891976971,3635350282906823065,40573,41644,"AaW*wG","2057-09-29 19:07:56",5924,-77711.59
45604,3791098416,14570912652613121705,61932,43885,"@","2080-07-29 13:41:15",-19647,-4.552715e-7
22307,283545224,15204172706534488688,24267,28768,"E;?","1979-06-10 21:45:10",-21892,1.05555265e35
399,1361553603,10715917202829425488,52862,44667,"IIox[","2017-07-19 21:13:50",5003,4.605086e-11
64002,2656256783,4648403561304011081,23477,42952,"","2080-07-31 23:52:08",20176,-2.0029977e31
8774,647409823,13644985824165688136,61618,42629,"G_V<59Hd,H","2065-09-27 17:19:22",25983,0.46854055
61025,3710369908,16786190732997444061,58941,62340,"pN1.-o","2031-01-13 21:55:18",25125,-94769320
51560,3819561276,1376540707292604913,54953,65336,"igFa/7?XQZ","2059-08-23 10:01:52",15774,9.36275e32
7774,2791889886,16832642050429955434,57754,61523,"\t","1993-10-05 19:55:34",-19301,7.517563e-19
54761,3211308196,16993288020375056652,10370,51299,"/VP;,n9)@@","2086-09-26 18:51:48",29465,1.4471857e-22
25767,3782680215,2067051585610093640,31927,60549,";Y","2062-11-02 16:44:29",14045,-2.7578413e25
55580,2764777108,17425455096139382475,18863,58759,"JP)6Z8$mE-","1976-12-21 19:48:31",-23110,16983077000000
34493,1880836838,15772096732584071801,52948,36828,"LWx0","2097-11-13 15:46:42",-31579,-1.8141973e-8
14744,1733413758,814973112871059905,49478,64035,"4m!","2015-05-17 18:58:25",-8320,-1.9707773e29
14483,3715670184,8863357397587679786,41049,37435,"a%>ClY","2089-07-20 05:02:21",23302,2.0054472e-22
54036,3828457983,466587724220873843,57154,51193,"r~Cdm2","2075-02-27 02:14:55",20065,-7.888737e26
10402,3820401983,3450627956499796067,16372,53074,"L","1995-10-02 22:42:55",-13728,-1.888769e-35
25504,1912149729,6011314469223867196,17523,45458,"UaF7cKRV#","1974-10-26 16:56:24",14640,109124.85
64298,199851672,2489188502453391440,64373,16943,"LS+","2003-03-04 01:47:32",-25967,-7.7212915e-14
24318,1536721410,12239727459478180634,20904,56836,"F%|V'44V","2038-05-16 07:03:03",30388,-2.724931e-13
27308,4217171496,2801188202136524078,13705,17255,"i%","1992-10-10 01:54:31",2056,-6.966832e-16
44208,2152249568,12153119188059963774,4230,28263,".I""LsZ","2066-05-12 13:50:53",-8659,2.0053479e21
58596,4165198316,4111065956650507430,62044,37689,"N^""$}8eCX6","2039-01-31 23:31:10",-28263,2.5193664e-29
48888,2807476308,5785251912288805418,23424,32416,"q""","2041-12-24 12:53:36",-13599,-1.0346484e-32
48755,3964554062,1268020431094760795,43743,59061,"","1989-06-12 02:52:46",31319,7.028483e27
38472,2775619280,6649551784066448864,54099,56509,"YCcP_t}f","1997-08-01 15:07:27",29616,37993796000
30478,3699569290,5475023399979564377,44213,14803,"LE","2081-04-06 05:06:53",28375,-903013200000000000
35942,3524889251,11910276148113643951,43832,33109,"K3d6'Y","2066-11-17 07:21:12",8042,6.292415e-19
65453,197022867,15079884914405610008,23921,39354,";XQ|S3X","2069-06-30 05:39:34",-2133,-420854.75
58952,441944562,13269700978961295558,55724,28392,"Is{U&TTOD","2068-01-22 01:34:56",-31294,-8.3967605e28
10118,9155714,16501750988625860549,15790,16862,"'x","2055-05-19 23:12:44",28903,1.4020085e-33
42047,3378395303,11263217408860438542,8479,48385,"ZlIY7F$V","2027-06-13 15:25:32",16336,4.574541e33
20293,2503867394,5717406173513612033,17337,16322,"{9","2073-09-16 22:05:32",8515,3097656000000
11556,681934366,711820611237050568,16658,38764,"U}gT$]R?x","1994-02-25 08:25:38",10573,-3.0356536e-35
57401,314141677,11664381708539412224,27097,31739,"z-","2085-08-28 06:42:53",-22094,-46061.617
51544,2398222942,9351393579905129247,32087,34887,"_H?VR`","2089-05-13 06:27:54",-17521,-3.7338233e30
5241,962017602,2279189241581591972,42573,26170,"","2019-05-31 10:35:23",21042,-1.9268793e-35
38503,2618336961,2783062296158946453,59134,34707,"T7_HvF_d`_","2036-06-04 02:21:00",-21665,16884325000
28112,883319694,1658944936418156131,28854,22090,"s&JcM6","2019-08-02 04:09:03",-14523,-1.0674635e-37
2088,2965648993,6238361415722010858,55757,28410,"X~SW'^","2004-02-03 04:29:59",-10499,586381200
1552,733380560,9438862979612134048,23408,33956,"JYFM >I","1977-08-11 06:29:08",14761,-8.1683953e-7
49678,3993465987,15713395415453516817,65270,38326,"XG5S","2013-12-17 00:37:02",8945,129524050000000
3604,1401502596,9120765212807017948,19287,38268,"HU;#","2007-03-05 08:52:51",7567,6.165554e-32
38245,189426591,16546071803044253802,8334,38442,"a?","2033-09-01 06:32:28",-5512,-8.983998
40639,2399133097,14262870028234836411,45831,23930,"O{9C+#K","2001-12-25 23:56:53",-12432,2558696400
25218,1640460553,12600462706521747898,3698,9496,"BR","2051-07-16 11:10:28",20026,2.505269e33
50398,3373718832,5575625944060853272,31157,63229,".}2K/","2075-04-21 18:48:23",-30142,-12435656000
20393,405038055,9149022187148141406,40792,11710,"QpUO","2104-09-14 08:19:56",-16830,8.5865855e-7
21770,1051205857,12856639247948333511,22256,3286,"Pim.:s","2049-03-06 08:48:11",-23377,-1.8119779e-27
14869,1275975500,9142309807206280850,888,40645,"~Rq","2061-02-28 13:39:09",14579,-0.0000034971572
56934,1027430095,1065465836664901557,1317,15171,"","2022-11-02 08:44:53",-2730,-4.1490677e-35
39642,1980427651,17097475188744507158,31482,47435,"yLVPPWMFE","2072-05-10 01:38:56",3671,-3.5857784e-27
39065,2379254606,16669832077779577382,56516,55922,"ee&","2048-02-28 18:15:25",14607,-1.7388466e-35
62496,1058810197,10094612844906103210,36839,19947,"Vl@","2097-04-29 20:03:14",26547,-371.78748
46147,1582656975,1012084910300548321,10460,30992,"&,9KdD;A","1981-09-06 18:15:23",-15869,-4.849939e29
7457,122913871,15547182677358255161,40031,58672,":IQc.fn(0","2081-09-10 05:51:40",7956,8229354.5
61069,1098058086,1954829872377087214,48199,56710,"B6[\f_ ","2033-01-29 04:21:25",707,-1.8421434e29
16212,3159619924,6709558969196833619,59222,21097,"s55vbcb[2l","2083-10-08 20:54:29",2304,5.599278e-33
2725,3742825872,17518234218748198622,61719,23626,"","1974-07-26 18:25:23",-7494,-3.9821824e-21
54340,2189247656,14384273606505972095,11011,14500,"2n","2106-01-24 02:00:54",2736,-2.017047e21
34521,3257494885,15470060340364176138,40645,3948,"xsz.gU","2003-07-31 21:47:44",-14342,-1.1347566e-32
38480,1358458084,4089170525601411859,7700,37177,"@","2025-11-20 01:37:11",9117,-4.5913962e-20
35313,688768249,6860054327631363498,37241,41916,"?Jm","2056-08-01 16:23:09",-1598,-1.8905864e-22
20253,3332649511,14744707239822851994,46673,1239,"+3'>D-/6","1999-01-09 15:24:24",14253,8.69084e-12
53734,79136244,6850670011873999759,52883,2928,"loqic","2072-06-04 22:53:37",29063,-125599.65
7498,2416879330,8282237023332211533,35326,23220,"","2071-08-02 10:18:00",-21098,-0.27573457
22400,2620325728,14486222278286170670,23750,60499,"=2gdQM","2049-09-11 16:20:38",-5146,-1.1247019e31
53375,520978611,5628777770109994721,63127,28560,",U]","1997-04-14 22:31:25",-31638,-1.309248e-12
57460,246788674,8600293027734661463,30721,37898,"VzcFG&~@i","2026-12-22 02:35:04",8617,0.000001324443
7866,4061315894,4124741855605570684,64220,31413,"~hp{3+T9%6","2014-03-26 02:18:21",11480,9.7961885e-30
30186,3304572934,186725816778248288,48113,35834,"$u1h","2038-08-09 17:02:53",11531,-4.48858e28
39063,1085257628,17253205472836563476,41555,27279,"Hi84","1998-06-17 02:17:43",-24507,3.499335e28
23902,2811432240,13377283066541640692,5898,57674,"+Z{","1977-12-05 02:54:19",-13038,2.236002e-34
54870,1599214501,15422224244800786494,10934,57492,"","2073-08-02 13:03:19",-3742,71232970000000000
6356,2695896086,11385169442590839620,7219,12669,"X.fl<","2029-12-05 14:40:44",6517,-251924860
47636,1014197223,3972699411167479024,12676,51984,"p4(Y","2066-01-30 14:32:15",31805,0.013043716
33117,2476814337,11198201545078887080,11490,59698,"s1 SvzbVc.","2031-06-12 02:20:59",31059,14420301000000
16775,1305750573,13999306461350811282,55702,22374,"","2084-09-08 00:25:33",27470,6.962902e-33
63083,2912289885,1348793597844369551,49885,22857,"57 ","1971-01-01 21:30:25",-20821,293.67783
1533,2226686259,8405204374317886716,7181,22984,"P","1979-09-23 14:37:07",2175,-5.7534054e-11
15619,2863682714,8546656945079351974,31063,52661,";{0VB","2058-07-27 09:58:02",12530,-55.130287
55161,2902652289,4112039666701321773,8045,59049,"{4VA","2043-03-05 23:30:51",18913,-4341995400000
60213,2511707017,9254488967588541738,4293,39218,"","2060-06-25 16:54:22",-18888,8.065056e28
13730,1097977572,7859182379153448363,34734,39990,"","2063-02-08 22:33:45",24584,-0.45842442
44635,2675650714,16095303149147238989,40898,17845,"4ZUWdTl4_","2016-05-24 08:36:05",-25524,376621.5
62873,879346809,8768796466208509816,25219,16544,"S\3-3-c(Wo","2064-04-29 17:12:11",8547,142505305000000000
48745,2295822607,10997010005741328579,17340,59209,"zy","1979-10-15 15:10:45",9867,-1.170113e-9
49861,2356060966,8742077160862283946,2358,60687,"rAK3no","2052-03-17 20:11:32",-9969,-4.9289984e34
36177,2432001597,14829971317796242707,23496,482,"y2T","1976-05-18 20:44:00",-12834,35842958000000000000
16976,1081153315,7505198797115570315,4459,19445,"R,tv&Rg9","2063-01-12 17:49:56",-309,-4.8459193e30
31952,645193752,14574785043506912009,59232,38136,"W'/D6*MW","2070-10-08 03:02:08",-17074,1.2759945e-14
55293,454701052,3118399751888858067,45294,22172,"_wp","2069-08-07 06:48:50",-29700,1.2845891e-12
31286,1995943770,6901458796809839818,61573,6734,"?(","1993-10-05 15:19:54",16183,4071.1104
2787,2613172030,14549423846866301149,52075,39799,"m#Me~","1992-05-05 00:59:57",-10487,15921534000000000
44677,1344489434,1612447507217396312,10537,2402,"R;]i]x>7","2083-11-12 12:42:46",-6167,-3.6387955e25
59597,3100609604,12114856327315182769,47464,30040,")iuy","2062-08-25 13:18:08",32240,1.4108771e-33
30778,2308085724,3504068596296677201,47143,53019,"ksN."")","2005-08-24 15:01:26",-9594,18994134000000
14006,68581918,14042125370939436556,46955,54972,"hhU9nG","2005-08-18 12:26:42",-7392,-599283700000000000
42119,1475992284,17600773347815017968,20927,49553,">S&38aL","1996-01-26 08:14:16",32611,-2.7145219e-14
39080,1645451311,4955328616401111876,45088,40970," !tv{","2101-11-28 07:42:44",-10278,1.5110351e22
8981,2257082078,10587588423580606763,38,51219,"-r1Uo1`lH","2033-04-14 20:51:57",26280,-0.000020768292
65141,3647721041,198726222006314448,23641,41815,"oBk6JWA7A`","2036-12-18 13:03:18",13629,13829307000
26569,2240282551,8225477837858280071,53770,26089,"","1986-07-19 08:03:27",-12079,-462.23575
63891,1711184913,15717166006381597482,47204,52079,"llsn\,]Rx","2097-02-07 13:41:05",12843,1.6607425e-32
41099,559372422,4676546134089967275,64378,18898,"CGxLm3","2057-10-20 05:12:33",25177,-1.5815808e35
7181,1373374488,3706071460048047868,43789,10534,"GzO(YyD","1972-06-10 06:51:39",-26586,-1.2921221e27
30510,2844821781,8627534281580242467,8160,14857,"mF4W|l;K","2038-09-04 17:15:42",24839,5.0993633e-14
4424,3609276143,8344278351316204058,24944,38224,"c4F,zbK8","1970-10-20 03:55:59",-8227,1.5206982e-37
18051,791567423,3639401307941906282,55323,58079,"kG%/","2100-04-14 01:37:21",6541,8.232836e-39
64382,4140513918,17072111892088846942,35768,31231,"6XNQ+R""C","1980-03-16 00:23:48",-10542,-6.896053e34
10722,340164115,13898745857203457193,37153,31209,"Wx9oe.i!i","2104-07-09 15:53:52",-18801,5.716826e-26
29703,2892966972,5486433958236532158,17782,113,"Z%e^N>","1976-11-23 20:34:43",22697,-1.994751e38
56670,1491135567,9292672155973242910,59347,39309,"0D*q'2","2050-08-09 07:14:36",-8442,9.0806304e-32
41318,648912999,7448458489349087456,23942,35364,"","2052-10-27 19:48:28",10629,0.0057150875
14712,4251134823,8802268989372442821,32503,31117,":.}","2046-08-20 18:36:00",-27509,5.177729e-27
65027,2182869448,15958827869733462244,8650,54452,"%Io","1997-04-11 02:25:51",11385,-1.1129013e30
23635,1374975582,835205988014131063,6878,49719,"","1972-03-09 12:25:23",-20442,250992560000000000000
28723,1250178551,5144072335005419133,23684,9857,"F1.h""w","2036-05-21 15:49:17",1642,9.4418686e26
15737,1024161784,13015461324897193605,27385,38822,"g~r5\gUN","2045-12-02 11:53:05",22598,-3.2170676e-33
39508,412786109,3879545633269728771,33135,37499,"`","2104-01-21 20:05:16",26404,1705278000
49389,1254746224,2768884232563612382,24740,17647,"&M:43sKW","2098-11-05 20:11:14",30115,1.5447976e26
53089,2011841325,7624447869013070158,59458,57483,"h%{=A|","2066-08-24 04:29:44",-18290,5.417247e36
38874,800959142,9675812311568090056,24317,40916,"7o|AT","1970-04-01 04:33:52",-25406,-7.392497e-12
55655,660552113,6335165350689472890,46011,41399,",cf","1994-04-30 17:54:55",-15020,-6.5748274e-38
8144,2841751538,15524786834784601003,24455,34223,"~$X""c;gm\","2078-05-30 10:22:29",-31999,0.008803284
33280,1602057186,13278762969844818815,19243,40260,"&o_'>-E\&","2019-08-10 10:26:20",9810,-2.9102196e-37
9623,1738970407,4288089427028201991,38069,35198,"Aj+zKoU#","2085-08-15 05:19:18",-23599,3.4588905e-28
65477,1202164359,13903346180376236580,41559,44271,"?C<""4IyHL","2019-12-05 06:15:50",-1463,22200325000000
48391,1210288095,12460957259516729535,8546,11146,"W8Eux15*|","2089-07-09 18:36:40",-31284,-1.1060741e-12
13889,2259934386,17738303414776727283,35834,44452,"/g&!<s8z","2069-12-13 01:39:01",28811,230241690000000
50619,220751167,18020859463154558893,14739,35913,"7mM!(>|","2002-09-03 05:35:02",-11055,1.9278932e-12
44765,2290537934,4997150941418565150,56192,34063,"","1973-01-04 09:38:56",-5194,330387.9
46916,2460815871,11728657643013587001,43643,48180,"*:n9{h7|","2092-09-04 20:37:10",1461,-1.6803629e-12
9530,3925040851,10021402496571035285,40199,40911,"RP|GTIG_V","2022-09-19 10:19:55",-9912,-0.00011528264
5882,3122879829,7882500966090823939,156,2754,"h (UUp","2026-03-08 16:22:51",-14515,4.4994685e25
35701,148933356,2081774725873099619,61766,3311,"&Fb1","2045-02-12 18:09:52",-5363,-662777740000000
38163,2062450221,7012538728135239392,5094,19329,"RU!","2039-06-24 23:35:03",24614,2.3497792e-28
3838,2700114170,15237406582275051794,13139,25658,"|Dax","2040-01-08 14:49:34",10448,1.6415381e-35
64348,1712282450,6183983062907835329,30618,4214,"\JIeVP","1976-08-02 17:12:55",-4852,-363857.44
5855,1578433233,5516344645079815427,42361,21218,"Ce","2082-11-27 15:52:00",10425,2.73588e34
40994,503068493,3309513542329243604,15153,53036,"Tt","1977-08-10 20:51:49",6225,1.5623122e37
28315,902598897,16167071541711328687,34104,52084,"","2007-02-01 12:00:14",26556,4.864411e-10
18868,1438416874,5899893788349299544,23808,37043,"Pi3u2`","2036-01-18 05:31:51",-29529,15.686517
56812,3511135130,4230102464121491412,40717,16224,"CD<","2047-09-18 19:51:42",-27655,-1.9990415e-8
52276,3354967442,9245096278130931469,55189,63535,")BPDwL","2032-01-06 15:12:51",-11770,5764033000000000
63712,3146904293,9009703877102812231,62594,63546,"V","1994-03-04 21:02:02",6465,-261552600000000000000
29950,2353407884,1358879973734262687,34874,42252,"\\F2L","2023-09-21 00:17:09",3924,25620097000
43008,1009379900,15849104198345924097,10125,8835,"","1997-07-19 18:02:40",9540,7.3201915e34
52800,1058796712,4119013291355870922,721,7411,"_[zEHs5=","2105-04-15 08:26:51",-25945,6.897267e-31
24799,2384847024,6341820655722603929,42631,46136,"tnS;MCAmF","2039-06-13 18:12:15",30815,5.242697e21
12805,3657239966,2643409311399224008,50979,54331,"olY@`","2082-07-05 03:18:42",-16138,9.170312e-18
40205,2173907641,288136268557676348,11456,37856,"\9\ij:)CR1","2041-03-08 00:29:54",-684,-2.3466353e21
59580,4011720905,17830835885546803301,18590,60135,"w&T[:p","2067-12-29 10:10:23",8333,1.0052069e-30
43933,769024770,17101470373127226631,58667,798,"|B^h=@mG1","2019-03-29 06:57:59",25525,-3.5567585e24
29586,1818305103,15310978747714882115,18657,13916,"*s","2032-10-22 04:21:11",-7116,-1.08486826e-23
40535,2475013646,16052727349504173470,50468,53274,"xnT``O&","1973-09-29 10:56:39",2837,-108.8858
22903,344284450,10480419543461191759,637,55525,"[0YicZ-C","2072-04-07 17:44:38",-23145,-8.488244e21
21241,386213137,17071877236293632503,34801,14294,"B>sUm.9Z/-","2042-05-01 09:04:41",-22851,-7.056006e35
51232,2257799277,15076901460586439375,30778,7620,":!@h.U","1985-02-12 20:58:39",-13027,-1581509.9
4943,2393347334,14380558084740090310,58222,40718,"MU&qvu0sF","2014-04-10 01:58:47",25815,4.6670687e-29
1195,1950695802,17984448635634233683,51506,39652,"G","2086-03-09 03:43:41",-25550,-2.420745e-29
8661,1774018147,2628528211065786886,8996,19687,"kNq9","2062-03-12 02:52:23",-17313,2.406559e-14
2425,1595627083,7943557377820790226,5752,27201,"[b3]mEr3","2100-04-18 04:53:07",-27196,1530602000000000000
10135,398724382,10089778086017628839,15207,10470,"J1I30+/=oV","2053-06-25 22:14:57",15477,414778870000000000
49011,512993252,14132404992160158030,25989,4102,"N\5%""lzRq","2067-11-28 03:06:17",-12079,-2.737487
53868,2893315840,913844948261280703,3485,45034,"3wkvz","2033-04-25 19:35:31",-12936,0.0016625952
15720,1656536395,15152917878820295325,64696,2647,".s:kg6","2042-03-19 15:30:30",-11256,26936.44
29676,3145939765,7493789294621167341,56651,30364,"|@wgaRi ?F","2004-03-07 00:32:16",-25818,3.8412225e28
12840,3025848113,9303286868880947371,14888,11282,"xLrlXBZbu","2103-02-24 05:19:38",4907,-2.8468365e-8
58872,191680912,7134679099319418326,22962,58184,"\","2102-12-17 21:50:42",10178,-7.629765e-7
35160,1831663766,17894587033502062261,45589,32955,"ut""2nvS","1989-10-27 09:33:54",5811,-9.395876e-31
3667,244053649,399886680636949784,47363,60870,"v.j9","2058-07-09 13:16:52",-12271,6.148987e32
24913,4121014930,11600162130795974494,11623,18741,"+","2048-07-27 02:58:24",7271,-5.722955e-36
61541,323562305,493732900376502178,37678,21494,"8gicwC6[hi","2043-10-04 20:06:25",-10573,1.7338535e-7
24406,1275635509,11990995879373519501,60135,33851,"A""ax","2049-08-03 21:21:49",-12507,-1.7175634e24
5813,2634947233,13164310325096283228,20349,38813,"","2027-02-02 03:54:25",26965,4.8928877e-12
7001,1904696292,4840168627504727989,477,51537,"Hc[HX`cFDV","2094-09-01 00:36:31",-15864,1.062987e32
20687,3525395102,10554498096962351551,43727,50380,"wsf!@,:[x7","2000-04-02 23:10:11",-4636,2.213772e-13
58591,2529693323,5204273225125527946,15919,40393,"B7","2052-08-05 13:10:04",4835,-4.1823513e26
27931,60496045,2988847623902936539,24927,11726,"~o+x","2012-08-04 04:50:43",-6743,-1.8860742e23
63880,3554155284,3118985837587071988,24275,16013,"',b?","2100-07-23 13:33:29",23138,2.6048308e34
20825,542762181,699272435157648723,57087,10889,"bV}Xd;","2046-01-31 22:14:44",-5669,-4.950628e-22
26342,461336416,871055471641763385,19633,52560,"zoL3IH ","2037-10-20 04:53:44",-25404,-52702068
1355,4004530397,4662714764082572238,62317,26645,"$Od9^","2001-07-27 20:22:05",-22694,-1.9219394e-32
3359,3858637602,13163815974929771814,75,52906,"8{LV;@>zY","2052-01-09 12:00:42",1700,411313800000000
16662,3945902032,3206013270550489719,34705,26348,"~MKe4","2039-02-02 03:52:20",-18683,9.8496135e-32
26668,3735146983,12921853586361662639,42737,20194,"jHjgS","2056-11-20 11:27:27",-21869,2.1019165e-16
45121,2192704308,13191048968317480728,45472,32376,"`j","2059-06-10 00:41:47",-5495,3.0374174e31
15163,1353294052,11044265504575157119,7698,34469,"{HLi","2092-10-27 22:00:33",-13527,1.00723256e-7
61304,3912948165,4125809850255723980,60407,3713,"0]^2@4","2096-10-02 22:46:24",-2744,-4.027224e-11
24648,1366263003,12450382145514456995,6938,27663,"T1~Mz","2025-12-28 00:48:46",8020,1.3847343e-13
16506,3408673876,318627949228114047,7902,28193,"amNN+[@6","2022-01-11 11:05:59",-17475,0.005081979
42326,262462933,34937820987393595,63930,56179,"aF/d","1977-02-21 15:57:18",-417,466996480
44714,2666002124,7917770758066788187,45393,63156,"qLye","2088-06-15 04:09:49",1397,1.549356e25
12594,3617269905,11449155494062168604,19409,51546,"%f1v}R;(","1984-11-07 22:35:03",-22411,-59334588
41463,2144424941,18177427142307842264,19773,47750,"xp-kV.yw","2037-06-11 22:57:43",-15644,20361.795
24211,1314067354,17975165109318067509,1227,52148,"6v+ZD","2035-04-06 18:12:19",25127,-1.6844006e-21
56963,395791364,492230596639477512,10620,49988,"owm'sl'x","1989-02-04 03:30:09",25051,-2.1304981e27
30548,2196070901,11956140228779010923,53324,62931,"","1986-05-28 15:04:00",-27906,1.0517657e-19
24065,1684886927,12569434288990582904,45812,18543,"","2043-01-14 09:07:57",25231,-1967097800000
36321,2774316222,2157442257016241012,34957,20367,"U/r#H//b]i","2057-04-01 06:01:35",1218,-2.1636577e-14
10283,1693372011,2517427298053870405,14302,21919,"m4+jvAY","2045-11-05 09:26:55",25461,-63450.492
40955,4095895090,3239804645335612629,42684,31538,"T'BAI5pu","2002-09-16 20:19:31",21166,1011805600000000000
40248,3381395757,910670910214253117,12312,63016,"}e","2101-03-05 08:02:20",-18206,-5.763394e-35
24622,2199166612,570726322476942116,35781,30408,"","2015-03-07 13:47:42",8926,-8.928295e-16
48758,1298960165,15899920532196745971,57391,58246,"SKi`""Z","2072-11-22 16:07:33",-32656,0.0008062672
2712,99848221,15110873905659001909,11888,33118,"oEf@bPGCw","1993-11-11 19:07:23",26134,5.1249885e-38
33162,4226178500,9829434226395526338,64332,29641,"I(x%'","2024-10-26 15:15:41",17159,-7.943907e-32
18557,11135486,17529760829968840516,58788,47567,"aI'Z/%l*!_","1991-01-04 20:02:49",-23448,3494057.5
55888,1306133051,2096198838397114577,530,25132,"* {","2016-09-07 14:17:27",-21358,-1.08703715e-32
23468,199848364,13648899840272179635,32288,16395,"7","1999-09-14 13:32:13",-11917,7069173300000
49241,3195649003,5160604126562649572,51264,50672,"^/'nPgEH{","1990-02-12 18:34:42",4560,8.8025845e-16
16314,3899614952,144580137140162542,20883,59320," Q+j=4~rP","2050-07-30 04:24:39",8691,-9543179000000000000
9876,4214952905,3038645247813989062,31813,23893,"a%a.>","2066-06-04 18:14:51",7972,-1.58908e-28
16467,2021999072,14629589195834504752,18600,18263,"49yyGM.!","2017-01-17 20:06:54",17341,-9.6529634e-33
38574,2350780022,12246564658060271521,19338,43315,"AUx","2043-12-30 11:32:38",-3325,-4029454.5
47520,3161834977,6368708523712133162,55350,2250,"-})iJ","2047-04-08 09:57:49",14557,-1.7085848e-25
42728,2145455542,16234033415389314834,35151,58017,"Yu6{K","2069-03-09 08:42:20",16195,-37918.26
58164,3477893984,13863981082048472261,53599,19204,"pLGRmB7g","2035-01-19 13:23:03",30909,-1.24682945e-14
19082,3489760546,2043018890494831516,30853,2735,"H]QbS","1975-06-29 10:09:37",8727,3.5836993e-12
5568,3720023127,5269520233592362660,52546,25877,"CtfA~rw","2085-05-19 18:26:08",22647,28553888000000000000
56373,394916076,17421608982042816969,60871,28392,"L\\o","2048-04-03 19:59:36",-28978,1.1000511e-18
25173,1328429432,11955827769561569500,14304,50182,"T[46","2054-10-06 09:13:28",27439,-0.0016236451
17466,2520704711,10876100425703130816,18162,56566,"^","2091-10-11 19:49:41",-15378,-36591703000000000000
49163,228200699,13338463082759724320,47063,60057,"=;F7XU","2053-04-04 11:13:41",-31506,1.4423612e37
1530,900276855,17341181775812350093,14518,48883,"0WLHZ@!Q;I","2077-06-08 06:05:20",-19589,1.8865502e24
21948,2787270772,742673279849667341,19667,54535,"%Oh)","2042-11-15 23:08:01",-871,1.5094434e-10
23900,1955365884,14435532897838063363,62275,34104,":A]FOPECmD","2097-01-20 17:23:23",8787,-4023221000000000000
23963,2518056372,5625400179024707611,33267,23618,"h/Y<7a*","2095-10-05 00:07:11",19615,60641970000000000000
34192,3686785933,12993800004061855705,1625,53572,">1","2058-03-11 08:49:08",20259,1.4613917e-37
